,Column_1,Column_2,Column_3
0,2Sherryazar1956,jimmichael720,Retweet
1,jimmichael720,jimmichael720,Tweet
2,TrueCrimePoli,ChrisStigall,Retweet
3,ChrisStigall,ChrisStigall,Tweet
4,WintWahLwin15,ForeignPolicy,Retweet
5,ForeignPolicy,ForeignPolicy,Tweet
6,england_donald,CoryMillsFL,Retweet
7,CoryMillsFL,CoryMillsFL,Tweet
8,Brenda18291262,Chicago1Ray,Retweet
9,Chicago1Ray,Chicago1Ray,Tweet
10,schotts,mikepompeo,Retweet
11,mikepompeo,mikepompeo,Tweet
12,TheProducteer,billroggio,Retweet
13,billroggio,billroggio,Tweet
14,JaneSin98236872,Chicago1Ray,Retweet
17,GlenWoo44182792,GOPChairwoman,Retweet
18,GOPChairwoman,GOPChairwoman,Tweet
19,ShooterSharon,Chicago1Ray,Retweet
21,mari__zen,imUrB00gieman,Retweet
22,imUrB00gieman,imUrB00gieman,Tweet
23,Allwaystruthfu1,imUrB00gieman,Retweet
25,Shelby2Phillip,RepFranklin,Retweet
26,RepFranklin,RepFranklin,Tweet
27,MirageNewsCom,MirageNewsCom,Tweet
28,purpledalmation,BenjySarlin,Retweet
29,BenjySarlin,BenjySarlin,Tweet
30,becky_tull,Chicago1Ray,Retweet
32,JohnCro67300259,jihadwatchRS,Retweet
33,jihadwatchRS,jihadwatchRS,Tweet
34,RogrRabbitsGirl,imUrB00gieman,Retweet
36,hollyh78,SoCalValleyGal,Retweet
37,SoCalValleyGal,SoCalValleyGal,Tweet
38,Xpompier77,NextRevFNC,Retweet
39,NextRevFNC,NextRevFNC,Tweet
40,JD53724639,seanhannity,Retweet
41,seanhannity,seanhannity,Tweet
42,kyle_chap17,mehrdadnegahban,Reply
43,kyle_chap17,KelleyMac1,Reply
44,kyle_chap17,AaronParnas,Reply
45,kyle_chap17,TerryMcAuliffe,Reply
46,Retired_Cop1019,Chicago1Ray,Retweet
48,ConservaivGenie,ConservaivGenie,Tweet
49,GloriaJRomero,GOPChairwoman,Retweet
51,theJohnPM,GOPChairwoman,Retweet
53,PhilDeCarolis,govkristinoem,Retweet
54,govkristinoem,govkristinoem,Tweet
55,CarlosAndinoJr,ForeignPolicy,Retweet
57,Sandylo44879924,Chicago1Ray,Retweet
59,bpbogel,govkristinoem,Retweet
61,Madison_OhioGOP,govkristinoem,Retweet
63,Kevin26346219,Kevin26346219,Tweet
64,_Crazytwist_,_Crazytwist_,Tweet
65,Liquidnoose,GOPChairwoman,Retweet
67,ReidStan,ReidStan,Tweet
68,davidthomas38,imUrB00gieman,Retweet
70,RantsOutloud,rockonblaze,Retweet
71,rockonblaze,rockonblaze,Tweet
72,dougp1480,imUrB00gieman,Retweet
74,ladder_36,govkristinoem,Retweet
76,rockonblaze,JesseKellyDC,Reply
77,rockonblaze,BuckSexton,Reply
78,rockonblaze,ClayTravis,Reply
79,rockonblaze,LibLoserLogic,Reply
80,rockonblaze,frank_in_penn,Reply
81,rockonblaze,RantsOutloud,Reply
82,jacksfriend25,imUrB00gieman,Retweet
84,EllisWa38451751,EllisWa38451751,Tweet
85,RealShaughn,GOPChairwoman,Retweet
87,bgallagb,RepFranklin,Retweet
89,CurtGehl,mikepompeo,Retweet
91,_dailyscope,_dailyscope,Tweet
92,NYformerDem,HawleyMO,Retweet
93,HawleyMO,HawleyMO,Tweet
94,TimothyNMarsha1,imUrB00gieman,Retweet
96,mlrupps,imUrB00gieman,Retweet
98,HollyGo55,prdbowhunter,Reply
99,HollyGo55,rhonda_harbison,Reply
100,HollyGo55,CNNPolitics,Reply
101,HoosierFordMan,Cernovich,Retweet
102,Cernovich,Cernovich,Tweet
104,RedlineSearch23,imUrB00gieman,Retweet
106,gamerwirheart,BenjySarlin,Retweet
108,avnblogfeed,avnblogfeed,Tweet
109,PGtwentytwo,imUrB00gieman,Retweet
111,Slamphear4,imUrB00gieman,Retweet
113,SAMUELUSA2,FRCdc,Retweet
114,FRCdc,FRCdc,Tweet
115,XG_YWW,michaelsobolik,Retweet
116,michaelsobolik,michaelsobolik,Tweet
117,mark71525711,tropicalswell,Reply
118,mark71525711,freehumanity911,Reply
119,CatOlvedo,mikepompeo,Retweet
121,ThatHowieHowell,govkristinoem,Retweet
123,MrFluffersMom,Cernovich,Retweet
125,betsysewgood,imUrB00gieman,Retweet
128,VandenbergCo,mdubowitz,Retweet
129,mdubowitz,mdubowitz,Tweet
130,JaeMoff,govkristinoem,Retweet
132,kkdonny1,Cernovich,Retweet
134,LeeSutton4,thebigwave2002,Retweet
135,thebigwave2002,thebigwave2002,Tweet
136,CloverLilly007,Chicago1Ray,Retweet
138,trump_fuckkk,Neil96420544,Reply
139,trump_fuckkk,DailyRippleMag,Reply
140,trump_fuckkk,Jim_Jordan,Reply
141,hipsher_jeffrey,Chicago1Ray,Retweet
143,n6mdc,SoCalValleyGal,Retweet
145,AShrugged2,michaelsobolik,Retweet
147,CKossakoski,CKossakoski,Tweet
148,FlaMimi1,Det9651,Reply
149,FlaMimi1,PeggyWi69224915,Reply
150,DrunkButtertart,DrunkButtertart,Tweet
151,ce_dennis,InfoMenso,Reply
152,ce_dennis,BillKristol,Reply
153,HunterRay,Cernovich,Retweet
251,chynna67,HawleyMO,Retweet
253,pkboxing,JohnFugelsang,Reply
254,harrygato,TheDemocrats,Reply
255,harrygato,JoeBiden,Reply
256,debi_ray,mikepompeo,Retweet
258,Commentary,Commentary,Tweet
259,ken_chidera,jihadwatchRS,Retweet
261,caunkle,newsmax,Retweet
262,newsmax,newsmax,Tweet
264,BasketOfAwesome,BasketOfAwesome,Tweet
265,frattigiovanni,mikepompeo,Retweet
269,pkboxing,ProfGIGISCICCH,Reply
270,pkboxing,Boxer751,Reply
271,JustPay4It,RCamposDuffy,Reply
272,TrumpZionists,NikkiHaley,Retweet
273,NikkiHaley,NikkiHaley,Tweet
274,IAMMGraham,POTUS,Mention
275,carolynmondrago,govkristinoem,Retweet
277,mountain_R1,mikepompeo,Retweet
279,Phreequeshow2,Cernovich,Retweet
281,KMChiver,cnn,Mention
282,KMChiver,MSNBC,Mention
283,CrissCrosse,Chicago1Ray,Retweet
285,CosnerKathy,Cernovich,Retweet
287,peaches10549,Cernovich,Retweet
289,jpjpgin,RepFranklin,Retweet
291,CharlesFolda,CNNPolitics,Reply
292,HurstDsmith3347,Thomas1774Paine,Retweet
293,Thomas1774Paine,Thomas1774Paine,Tweet
294,emkhere,mikepompeo,Retweet
296,annmarie,annmarie,Tweet
297,SteveMonday12,govkristinoem,Retweet
299,Patrick96952956,Patrick96952956,Tweet
301,debby_hoyman,govkristinoem,Retweet
331,thoolou,Chicago1Ray,Retweet
333,KevinDSamuel,KevinDSamuel,Tweet
335,edupeepy1,HananyaNaftali,Retweet
336,HananyaNaftali,HananyaNaftali,Tweet
337,msunitedam,msunitedam,Tweet
338,beansi50,votevets,Retweet
339,votevets,votevets,Tweet
340,patricia2378,patricia2378,Tweet
341,Cadieux1Cathey,RepMikeGarcia,Retweet
342,RepMikeGarcia,RepMikeGarcia,Tweet
343,cindygracie,StandForAmerica,Retweet
344,StandForAmerica,StandForAmerica,Tweet
345,RathodKh,jihadwatchRS,Retweet
347,Crash_the_Flash,Cernovich,Retweet
349,BrownMarelina,Thomas1774Paine,Retweet
351,podcast_kitchen,govkristinoem,Retweet
353,kornegay_danna,WayneDupreeShow,Retweet
354,WayneDupreeShow,WayneDupreeShow,Tweet
355,o0oleedleleeo0o,mikepompeo,Retweet
357,Without_Crust,Thomas1774Paine,Retweet
359,winningatmylife,Cernovich,Retweet
361,bubbahaas,seancaseyshow,Retweet
362,seancaseyshow,seancaseyshow,Tweet
363,HarryBo96890762,govkristinoem,Retweet
365,LadyBoo72,JeffreyAWillia4,Reply
366,LadyBoo72,MarshaBlackburn,Reply
368,AngelaKorras,billroggio,Retweet
371,TheKathyHurley,swan4congress,Retweet
372,swan4congress,swan4congress,Tweet
373,Maryell04466305,RepFranklin,Retweet
375,lettywho1,lettywho1,Tweet
376,LoraBethann,HawleyMO,Retweet
378,SeekerofTruth0,YarnellSheila,Retweet
379,YarnellSheila,YarnellSheila,Tweet
380,YukonCo62720028,Cernovich,Retweet
382,caminorandy,WayneDupreeShow,Retweet
384,redhead5232,Messi27632373,Reply
385,redhead5232,RSBNetwork,Reply
386,FriendRoseanna,FriendRoseanna,Tweet
387,sleeptech09,seanhannity,Retweet
389,ERosenquest,AnneRPierce,Retweet
390,AnneRPierce,AnneRPierce,Tweet
391,michaelsobolik,ShaolinTom,Mention
392,michaelsobolik,Newsweek,Mention
393,clrfldcdaughtry,RepFranklin,Retweet
396,TPInsidr,WayneDupreeShow,Retweet
398,ShiningChar1,Chicago1Ray,Retweet
400,Bassaces1,BenjySarlin,Retweet
402,Wolfie897,meow2u22,Retweet
403,meow2u22,meow2u22,Tweet
404,friendpopkiki1,RepFranklin,Retweet
406,TheBayBee1,seanhannity,Retweet
408,tjhccp,Thomas1774Paine,Retweet
410,FabChance23,mikepompeo,Retweet
412,bucaneropr,govkristinoem,Retweet
414,tmikie2015,Cernovich,Retweet
416,1Jodi4444,Thomas1774Paine,Retweet
418,mikememoli,Palazzo_Chigi,Mention
419,mefbama,WayneDupreeShow,Retweet
421,TheCenterStripe,BarnettforAZ,Reply
422,TheCenterStripe,drussel451F,Reply
423,2PhucksGone,Thomas1774Paine,Retweet
425,Alrich39Richard,mikepompeo,Retweet
427,ShaylanaWalker,Cernovich,Retweet
429,J_Dickson12,govkristinoem,Retweet
431,Paul20044150,govkristinoem,Retweet
433,maier_amsden,eatmetwiter,Reply
434,maier_amsden,brianbeutler,Reply
435,ClantonMiller,HawleyMO,Retweet
437,DaveElderDotCom,DaveElderDotCom,Tweet
438,DonnaSm33883135,Chicago1Ray,Retweet
440,Gear4Tomorrow,Chicago1Ray,Retweet
442,HostetterGmail,Thomas1774Paine,Retweet
444,TanyaRoach18,Chicago1Ray,Retweet
446,MistySu18856335,seanhannity,Retweet
448,GAGFORTRUMP,seanhannity,Retweet
450,dawnbuesing,WayneDupreeShow,Retweet
452,JetteBurner,mikepompeo,Retweet
454,FreedomIntruptd,jalen_drummond,Retweet
455,jalen_drummond,jalen_drummond,Tweet
456,Cocoaisadog,mikepompeo,Retweet
458,JohnJspg71,Thomas1774Paine,Retweet
460,GalvezPrimo,govkristinoem,Retweet
462,mcdelle,mikepompeo,Retweet
464,19thHole10,Daniel2Sarah,Reply
465,19thHole10,leslibless,Reply
466,Brynnrothchill,Thomas1774Paine,Retweet
468,joy24543463_joy,votevets,Retweet
470,a_stachybotrys,Cernovich,Retweet
472,bribabcock406,CawthornforNC,Retweet
473,CawthornforNC,CawthornforNC,Tweet
474,SoniCubed,govkristinoem,Retweet
476,DoubleE07,CuomoWatch,Reply
477,AZ_Patriot_SB,Thomas1774Paine,Retweet
479,ahgourley1,ahgourley1,Tweet
651,s_solis44,mikepompeo,Retweet
653,rk55mk,WayneDupreeShow,Retweet
655,OuttaCa,Thomas1774Paine,Retweet
657,beesmom272,Chicago1Ray,Retweet
659,lisa4me2,RepLeeZeldin,Retweet
660,RepLeeZeldin,RepLeeZeldin,Tweet
661,philoprof,JohnRLottJr,Retweet
662,JohnRLottJr,JohnRLottJr,Tweet
663,Soldier_Joe,anneapplebaum,Reply
664,Soldier_Joe,MaxBoot,Reply
665,Andyhashomes,seanhannity,Retweet
667,Kimberly_SoFL,NewAbnormal19,Reply
668,dcexaminer,JerryDunleavy,Retweet
669,JerryDunleavy,JerryDunleavy,Tweet
670,scottisatwork,JackPosobiec,Mention
671,Jahovafollower,Chicago1Ray,Retweet
673,foodie24672473,seanhannity,Retweet
675,MMMDigits,Cernovich,Retweet
677,WheelerDuane,Cernovich,Retweet
679,2020DJTandMRP,Chicago1Ray,Retweet
681,BarnettforAZ,drussel451F,Reply
682,rd02989,Jereme45,Retweet
683,Jereme45,Jereme45,Tweet
684,zorn17,Cernovich,Retweet
686,CurtisH21592073,thebigwave2002,Retweet
688,MamaB_L,Chicago1Ray,Retweet
690,daddy_lanky,Cernovich,Retweet
692,DOCTOW,JohnRLottJr,Retweet
694,HollisGOP,JeffreyBCozzens,Retweet
695,JeffreyBCozzens,JeffreyBCozzens,Tweet
696,Artmont99,Cernovich,Retweet
698,TdDeroche,Chicago1Ray,Retweet
700,JohnECalter,Chicago1Ray,Retweet
702,87pack,87pack,Tweet
703,TrumpWonUKnowIt,realdonhammed,Retweet
704,realdonhammed,realdonhammed,Tweet
705,K9whisper,keck553,Retweet
706,keck553,keck553,Tweet
707,Kwhopper74,seanhannity,Retweet
709,WilliamUrtel,Chicago1Ray,Retweet
711,enordye2,USRepGaryPalmer,Retweet
712,USRepGaryPalmer,USRepGaryPalmer,Tweet
713,jeffislarger,HawleyMO,Retweet
715,FL_RiverRat,seanhannity,Retweet
717,RThanking,Mike_Pence,Reply
718,vickilb99,Chicago1Ray,Retweet
720,JamesLennart,ghost_wales,Retweet
721,ghost_wales,ghost_wales,Tweet
722,2016melissa16,mrctv,Retweet
723,mrctv,mrctv,Tweet
724,BigHoopshead,jonkarl,Mention
725,seger57123229,thebigwave2002,Retweet
727,rashidaldosari,STEPHMHAMILL,Retweet
728,STEPHMHAMILL,STEPHMHAMILL,Tweet
729,EllenBe13635312,RepFranklin,Retweet
731,PatriciaWilhoit,bennyjohnson,Retweet
732,bennyjohnson,bennyjohnson,Tweet
733,SteveJenks63,Cernovich,Retweet
735,majord2102,Chicago1Ray,Retweet
737,Wildharv,kristina_wong,Retweet
738,kristina_wong,kristina_wong,Tweet
739,lauraswaggy93,Cernovich,Retweet
741,Jim05475652,RepFranklin,Retweet
743,elaine72658,seanhannity,Reply
744,Guardian_Elite,JohnRLottJr,Retweet
746,gatrworks,Chicago1Ray,Retweet
748,Supsup06407706,thebigwave2002,Retweet
750,QuinHillyer,USRepGaryPalmer,Retweet
752,ProTraderAlan,Chicago1Ray,Retweet
754,Racer21x,HawleyMO,Retweet
756,MichelleMRoque1,Cernovich,Retweet
758,Buddhabman,deckape_1,Retweet
759,deckape_1,deckape_1,Tweet
760,PatrioticGrams,RepFranklin,Retweet
762,Pomansparadise,dambaivan,Reply
763,Pomansparadise,JoeBiden,Reply
764,Pomansparadise,KamalaHarris,Reply
765,Pomansparadise,harrisonjaime,Reply
766,SteveBr16032572,RepLeeZeldin,Retweet
768,VishwalPatel,billroggio,Retweet
770,LordNeocon,LordNeocon,Tweet
771,KnightDallask28,RepFranklin,Retweet
773,WynterLegend,Cernovich,Retweet
775,StephenGallien,USRepGaryPalmer,Retweet
777,patrick_jonah,mikepompeo,Retweet
779,eevans1231,RepLeeZeldin,Retweet
781,vmsalama,vmsalama,Tweet
782,DebraBr13919313,Chicago1Ray,Retweet
784,D_Moynihan,JohnRLottJr,Retweet
786,CBrewer,thebigwave2002,Retweet
788,Greensheet6,KeithOlbermann,Reply
789,Greensheet6,niblar,Reply
790,Greensheet6,TomJumboGrumbo,Reply
791,McnabbTeddy,billroggio,Retweet
793,ICNTOAN,deckape_1,Retweet
795,NuclearPotato,POTUS,Mention
796,rog43305701,Chicago1Ray,Retweet
798,wendyp4545,thebigwave2002,Retweet
800,RazzSteve,rondonzo101,Retweet
801,rondonzo101,rondonzo101,Tweet
802,terrywi80115981,Chicago1Ray,Retweet
804,TheSys7em,Chicago1Ray,Retweet
806,Aliettie,Chicago1Ray,Retweet
808,93A4Jules,billroggio,Retweet
810,jobeaux79,HawleyMO,Retweet
812,JessicaNitti,Cernovich,Retweet
814,DavidStapleto17,CoryMillsFL,Retweet
816,KevinRo23303423,seanhannity,Retweet
818,MamaYiddishe,Chicago1Ray,Retweet
820,ftwitty3,Cernovich,Retweet
822,LangeAS,BrianMastFL,Retweet
823,BrianMastFL,BrianMastFL,Tweet
824,zekeshelton2,billroggio,Retweet
826,blankenshipb,Cernovich,Retweet
828,TexasGirl0620,Chicago1Ray,Retweet
830,5_Star_Apps,AMPFEST_USA,Retweet
831,AMPFEST_USA,AMPFEST_USA,Tweet
832,Silentm89230801,Chicago1Ray,Retweet
834,Mangles08947177,NikkiHaley,Retweet
836,BrianCreegan88,Cernovich,Retweet
838,jes41947,Cernovich,Retweet
840,SGMBillBall,DineshDSouza,Retweet
841,DineshDSouza,DineshDSouza,Tweet
842,A_Candle_Lit,HawleyMO,Retweet
844,hthr_kln,bennyjohnson,Retweet
846,SundaeMonday3,Chicago1Ray,Retweet
848,top_cat_fitness,Chicago1Ray,Retweet
850,jgshidden,Cernovich,Retweet
852,lee_hornbaker,FoxNews,Reply
853,Mangles08947177,ForeignPolicy,Retweet
855,NJSnowPatriot,billroggio,Retweet
857,skippytaytay,billroggio,Retweet
859,malcolmsmith24,malcolmsmith24,Tweet
860,Silentm89230801,Cernovich,Retweet
862,nics_wic,Cernovich,Retweet
864,masonbo,Chicago1Ray,Retweet
866,Oriana88797603,Cernovich,Retweet
868,ShawnQuinn83,billroggio,Retweet
870,2Sherryazar1956,Chicago1Ray,Retweet
872,twidjot,DineshDSouza,Retweet
874,jrsmith695,seanhannity,Retweet
876,NewsMasters2,Cernovich,Retweet
879,crkleffner,RepFranklin,Retweet
881,JohnMbafor,seanhannity,Retweet
883,TheTautologist,Cernovich,Retweet
885,AbdmullLisa,Chicago1Ray,Retweet
887,djonesfarm,Cernovich,Retweet
889,BenDIsrael1,ForeignPolicy,Retweet
891,geraldbullvevo,Cernovich,Retweet
893,MRicardoMu,Cernovich,Retweet
895,PC72180199,Chicago1Ray,Retweet
897,Charles_Notes,Cernovich,Retweet
899,stevesmithsnoq,RepFranklin,Retweet
901,stevesmithsnoq,Cernovich,Retweet
903,j80251056,BrianMastFL,Retweet
905,Democracys_Dead,Cernovich,Retweet
907,Kirk4Defiance,razingarizona,Retweet
908,razingarizona,razingarizona,Tweet
909,mdubowitz,ForeignPolicy,Retweet
911,kk131066,kk131066,Retweet
912,kk131066,kk131066,Tweet
913,FhScott,Cernovich,Retweet
915,nolibtards9,Chicago1Ray,Retweet
917,PierreM80827080,TheNickPaschal,Reply
918,jsbrown17,HawleyMO,Retweet
920,RCX50339963,HouseGOP,Mention
921,EllenMoser10,Cernovich,Retweet
923,davereaboi,Cernovich,Retweet
925,Expat_Matt,razingarizona,Retweet
929,redback1gc,Chicago1Ray,Retweet
931,donnies12,Chicago1Ray,Retweet
933,avendsora4,Cernovich,Retweet
935,winston_smiff,Cernovich,Retweet
937,greengrass2019,mikepompeo,Retweet
939,stephen9626,stephen9626,Tweet
940,EdgarJFriendly,Cernovich,Retweet
942,CandyCa47797626,DanielTurnerPTF,Retweet
943,DanielTurnerPTF,DanielTurnerPTF,Tweet
944,TraceyAynn,mikepompeo,Retweet
946,MAXWELLSMART86D,Cernovich,Retweet
950,NotDumb0911,HawleyMO,Retweet
952,Tracinski,razingarizona,Retweet
954,retrogr35664579,Cernovich,Retweet
956,jfrosado,Cernovich,Retweet
958,ReturnOfTheFleX,Cernovich,Retweet
960,aplunk1,HawleyMO,Retweet
962,titowrestling,pmajeski,Reply
963,SCHFlood,HdxSoldier,Reply
964,arnetha,Cernovich,Retweet
966,dave_delion,seanhannity,Retweet
968,LFeighAmerica,Cernovich,Retweet
970,iFightWithTools,razingarizona,Reply
971,Ruby44406956,Cernovich,Retweet
973,randybrewer1955,Kat29Kat290,Retweet
974,Kat29Kat290,Kat29Kat290,Tweet
977,DebugOurSystem,Cernovich,Retweet
979,yronladi,Cernovich,Retweet
981,minnie_az,seanhannity,Retweet
983,cm_boltsfan,seanhannity,Retweet
985,Snyman12,JeffreyBCozzens,Retweet
987,barbararharmon,Cernovich,Retweet
989,Dimitri2020LLC,hale_razor,Retweet
990,hale_razor,hale_razor,Tweet
993,wv317537,wv317537,Tweet
994,hj20176,seanhannity,Retweet
996,Mary26041,MarriedToBooker,Retweet
997,MarriedToBooker,MarriedToBooker,Tweet
998,AresofRome,Cernovich,Retweet
1000,Crash_the_Flash,HawleyMO,Retweet
1002,lisaannwersing1,Chicago1Ray,Retweet
1004,DannyDrause,realdonhammed,Retweet
1006,MatthewTrott3,seanhannity,Retweet
1008,birdgirl8888,BernieTulsi2020,Reply
1009,birdgirl8888,john_romanello,Reply
1010,birdgirl8888,oliverdarcy,Reply
1011,ShotaroG,seanhannity,Retweet
1013,deanaluvs,Cernovich,Retweet
1015,sandiv11,Chicago1Ray,Retweet
1017,FO_BAN_ONE,Cernovich,Retweet
1019,niflas8,11thHour,Reply
1020,niflas8,MSNBC,Reply
1021,niflas8,murphymike,Reply
1022,kathyAnnMAGA,GOPChairwoman,Retweet
1024,Terry24698651,Cernovich,Retweet
1026,DukeofAulthouse,Cernovich,Retweet
1028,razingarizona,DeseretNews,Retweet
1029,DeseretNews,DeseretNews,Tweet
1030,ragingbullstx,Cernovich,Retweet
1032,4261830b,Chicago1Ray,Retweet
1034,shirleyallen111,Chicago1Ray,Retweet
1036,Bean01526835,Cernovich,Retweet
1038,veganforlifetam,Cernovich,Retweet
1040,jsherman376,Chicago1Ray,Retweet
1042,ColumbaMd,Cindy_Wooden,Reply
1043,ColumbaMd,POTUS,Reply
1044,bush1014,seanhannity,Retweet
1046,K78016924,keck553,Retweet
1048,panderkin41,Chicago1Ray,Retweet
1051,PattyGer2,PattyGer2,Tweet
1052,SpaceCoastGator,allinwithchris,Reply
1053,SpaceCoastGator,ChrisMurphyCT,Reply
1054,Bob21587443,JimnFan,Reply
1055,Bob21587443,Sud0Mike,Reply
1056,liszewsk,TNjhd,Retweet
1057,TNjhd,TNjhd,Tweet
1058,Alexandgreenn,Chicago1Ray,Retweet
1060,MAGAPatriotAD,dcexaminer,Retweet
1061,dcexaminer,dcexaminer,Tweet
1062,wanderingswayne,wanderingswayne,Tweet
1063,kenluciani,DLyfter,Retweet
1064,DLyfter,DLyfter,Tweet
1065,MomsforRainbows,Cernovich,Retweet
1067,ChelseaD_Smith,RepBethVanDuyne,Retweet
1068,RepBethVanDuyne,RepBethVanDuyne,Tweet
1069,DesertBeauty5,Chicago1Ray,Retweet
1071,InsideMusical,Reuters,Reply
1072,Prashan08822405,MenonPgk,Retweet
1073,MenonPgk,MenonPgk,Tweet
1074,whyme93795698,YahooNews,Mention
1076,BBeb1997,seanhannity,Retweet
1078,FederalFlyBoy,keck553,Retweet
1080,SDP89754904,seanhannity,Retweet
1082,BellaNola2,Chicago1Ray,Retweet
1084,b1worldproject,JeffreyBCozzens,Retweet
1086,Pc_Free_Zone,CatholicArena,Retweet
1087,CatholicArena,CatholicArena,Tweet
1088,AltheaOrvis,Chicago1Ray,Retweet
1090,MichaelPench,PARISDENNARD,Retweet
1091,PARISDENNARD,PARISDENNARD,Tweet
1092,rebeccalynnHG,Cernovich,Retweet
1094,LatinoHeat217,Chicago1Ray,Retweet
1096,The_real_KO_01,Chicago1Ray,Retweet
1098,lakemichigangal,RepFranklin,Retweet
1100,SacharroSkelf,seanhannity,Retweet
1102,Wolfspirit29,Cernovich,Retweet
1105,PupspurJeanette,Cernovich,Retweet
1107,TruckerTired,TruckerTired,Tweet
1108,SaveAslave,Chicago1Ray,Retweet
1110,costymom,mikepompeo,Retweet
1112,MichaelPench,GOP,Retweet
1113,GOP,GOP,Tweet
1114,vickima75095359,CHHR01,Retweet
1115,CHHR01,CHHR01,Tweet
1116,CourtneyHappens,Cernovich,Retweet
1118,CourtneyHappens,Chicago1Ray,Retweet
1120,NailprinterAbq,Cernovich,Retweet
1122,jvWHATEVER,JeffreyBCozzens,Retweet
1124,_covid19crazy,Cernovich,Retweet
1126,kornegay_danna,seanhannity,Retweet
1128,JerseyJude8755,JeffreyBCozzens,Retweet
1130,FactsUsedMatter,AlbionPhil,Reply
1131,FactsUsedMatter,HouseGOP,Reply
1135,colleenblueeyes,seanhannity,Retweet
1137,Dianeykel120191,Cernovich,Retweet
1139,shannon118131,Chicago1Ray,Retweet
1141,Pedrombrandaos,CatholicArena,Retweet
1143,BPratto,Cernovich,Retweet
1145,bgallow2000,StandForAmerica,Retweet
1147,colleenblueeyes,brobert545,Retweet
1148,brobert545,brobert545,Tweet
1149,Franck3E,DeseretNews,Retweet
1151,TangoNevada,seanhannity,Retweet
1153,RealJWT,seanhannity,Retweet
1155,frankjrojas1,seanhannity,Retweet
1157,All435Reps,BrianMastFL,Retweet
1159,PONews,PONews,Tweet
1161,Greeble214,tjlehm34,Reply
1162,Greeble214,BixJacks,Reply
1163,Greeble214,vademocrats,Reply
1164,Greeble214,vademlatinos,Reply
1165,Greeble214,VaDemocracy,Reply
1166,susie41054,Cernovich,Retweet
1168,Klee34036780,swirllysunspot,Retweet
1169,swirllysunspot,swirllysunspot,Tweet
1170,cooli00,SecBlinken,Reply
1171,cooli00,StateDept,Reply
1172,DKD0826,DineshDSouza,Retweet
1174,jonesca100,Chicago1Ray,Retweet
1176,sg6542,Cernovich,Retweet
1178,Jphamilton1,seanhannity,Retweet
1180,crownwife,Chicago1Ray,Retweet
1182,Mary26041,DanielTurnerPTF,Retweet
1184,TheMrChad1,Cernovich,Retweet
1186,DogMomOfThree3,Cernovich,Retweet
1188,Thymbalina,Thymbalina,Tweet
1189,t36071581,JeffreyBCozzens,Retweet
1191,barbaracantalk,ghost_wales,Retweet
1194,Leehamnoon,Cernovich,Retweet
1196,silentstorm012,JeffreyBCozzens,Retweet
1198,derek_j_knowles,Cernovich,Retweet
1200,dibber44,CawthornforNC,Retweet
1202,SNPareDuff,Ayaan,Retweet
1203,Ayaan,Ayaan,Tweet
1204,CulpeperPatriot,Chicago1Ray,Retweet
1206,Favre4champ,seanhannity,Retweet
1208,fluoresenz,SteveHiltonx,Retweet
1209,SteveHiltonx,SteveHiltonx,Tweet
1210,ChaseMcMichael,RepFranklin,Retweet
1212,mrs_vandam66,RepFranklin,Retweet
1214,LouisGerber8,SecBlinken,Reply
1215,LouisGerber8,StateDept,Reply
1216,Jon34562266,JeffreyBCozzens,Retweet
1218,walley1027,Chicago1Ray,Retweet
1220,gymnerd2,HawleyMO,Retweet
1222,JoWilli11221261,Chicago1Ray,Retweet
1224,Seascape_Eagle,Cernovich,Retweet
1226,Wolfspirit29,LedgeSomewhere,Retweet
1227,LedgeSomewhere,LedgeSomewhere,Tweet
1228,eisenbrey_dave,cnni,Reply
1229,eisenbrey_dave,DavidAndelman,Reply
1230,eisenbrey_dave,CNNOpinion,Reply
1231,krngwn2,seanhannity,Retweet
1233,jazzymsc,seanhannity,Retweet
1235,cherylkanere,Chicago1Ray,Retweet
1237,wilsonbigsis,RepFranklin,Retweet
1239,mamagolden66,seanhannity,Retweet
1241,AneetahD,Chicago1Ray,Retweet
1243,notifiedmedia,RepMeijer,Reply
1244,notifiedmedia,POTUS,Reply
1245,notifiedmedia,StateDept,Reply
1246,notifiedmedia,WHCOS,Reply
1247,mrsunil58,NikkiHaley,Retweet
1249,ChelseaD_Smith,theMRC,Retweet
1250,theMRC,theMRC,Tweet
1251,nightwolf698,seanhannity,Retweet
1253,Michael79972120,Chicago1Ray,Retweet
1255,mamachanga2,Cernovich,Retweet
1257,Goldstarsis1,glennbeck,Retweet
1258,glennbeck,glennbeck,Tweet
1259,peckish1959,Wisedog4,Retweet
1260,Wisedog4,Wisedog4,Tweet
1261,mrbr3c,mrbr3c,Retweet
1262,mrbr3c,mrbr3c,Tweet
1263,dannio1970,seanhannity,Retweet
1265,Lupitasawyer16,Chicago1Ray,Retweet
1267,KristaJohnson1,KristaJohnson1,Tweet
1268,Brandon02282009,seanhannity,Retweet
1270,loochc1,Cernovich,Retweet
1272,grannydeedree,TNjhd,Retweet
1274,baileylinny4,Chicago1Ray,Retweet
1276,ConnieJohnsom,RepFranklin,Retweet
1278,Barbara49962035,Chicago1Ray,Retweet
1280,Daft22655997,MadeInTheUSANJ,Retweet
1281,MadeInTheUSANJ,MadeInTheUSANJ,Tweet
1282,marty58471985,seanhannity,Reply
1283,CliffShew,Cernovich,Retweet
1285,gaylord_focker0,gaylord_focker0,Tweet
1286,Lakecrazy,Cernovich,Retweet
1288,Terrym59Terry,Jereme45,Retweet
1290,MadeInTheUSANJ,laurenboebert,Reply
1291,DavidAJMHoward,CatholicArena,Retweet
1293,12Paws3Tails,Chicago1Ray,Retweet
1295,SOU8121,RepFranklin,Retweet
1297,DonnaRocky1,Cernovich,Retweet
1299,jlboul,joshua_landis,Retweet
1300,joshua_landis,joshua_landis,Tweet
1301,swirllysunspot,1Quetzalcoatl1,Reply
1302,swirllysunspot,hrt6017,Reply
1303,swirllysunspot,bouttobeastorm,Reply
1304,swirllysunspot,Shopdogg2,Reply
1305,swirllysunspot,ThereseOSulliv2,Reply
1306,swirllysunspot,dogsdontliket,Reply
1307,swirllysunspot,Klee34036780,Reply
1308,swirllysunspot,JDW714,Reply
1309,kruano447,kruano447,Tweet
1310,michaeljeaton,seanhannity,Retweet
1312,Geovanny0720,seanhannity,Retweet
1314,Jujube04734066,mikepompeo,Retweet
1316,jorgenseptember,LedgeSomewhere,Retweet
1318,dlindianos,Cernovich,Retweet
1320,thecrippler3,seanhannity,Retweet
1323,troballis,JeffreyBCozzens,Retweet
1325,apodacafr,seanhannity,Retweet
1327,DpMcCarthy,Cernovich,Retweet
1329,jnmzin,seanhannity,Retweet
1331,slmueller72,CawthornforNC,Retweet
1492,K1erry,Cernovich,Retweet
1494,gadams50601b,JeffreyBCozzens,Retweet
1496,BobJustBobOkay,Cernovich,Retweet
1498,sagitldy,HawleyMO,Retweet
1500,JustMe73forAll,Chicago1Ray,Retweet
1502,DeborahFriedler,mikepompeo,Retweet
1504,CliffShew,Chicago1Ray,Retweet
1506,Unit1127,Unit1127,Tweet
1507,GIS_Reports,GIS_Reports,Tweet
1508,DonAAllard,DonAAllard,Tweet
1509,dwe1965,JeffreyBCozzens,Retweet
1511,TruthTeIIerz,JeffreyBCozzens,Retweet
1513,fitzy924,Cernovich,Retweet
1515,Tree417711,seanhannity,Retweet
1517,Levi17twit,seanhannity,Retweet
1519,rocomars,seanhannity,Retweet
1521,VanMagnus,Chicago1Ray,Retweet
1523,CTMathewes,CTMathewes,Tweet
1524,U2Patty,seanhannity,Retweet
1526,Trexgma17,Chicago1Ray,Retweet
1528,Brandon4Mathew,Chicago1Ray,Retweet
1530,GrandmaPatloves,Chicago1Ray,Retweet
1532,ninco62,Chicago1Ray,Retweet
1534,myep00,seanhannity,Retweet
1536,mldavis63,seanhannity,Retweet
1538,laurie98815023,Chicago1Ray,Retweet
1540,JeanBeitel,CHHR01,Retweet
1542,JuneB09157964,HawleyMO,Retweet
1544,CanOpenerRuler,Cernovich,Retweet
1546,K_covfefe,Chicago1Ray,Retweet
1548,GlikmanPatty,Chicago1Ray,Retweet
1550,deacs1105,seanhannity,Retweet
1552,BaizuoBu,seanhannity,Retweet
1554,steveo570,steveo570,Tweet
1555,kbullit1961,RepFranklin,Retweet
1557,JoyBell75174267,Chicago1Ray,Retweet
1559,dickman_robert,TNjhd,Retweet
1561,gmwameripatriot,seanhannity,Retweet
1563,occamsneighbor,Chicago1Ray,Retweet
1565,FootPlastic,GaryLineker,Reply
1566,mchitty61,Chicago1Ray,Retweet
1568,patriottom4,Chicago1Ray,Retweet
1570,waybaby,Chicago1Ray,Retweet
1572,gwgillett,Chicago1Ray,Retweet
1574,jorge_ldc,Cernovich,Retweet
1576,JaneM21805604,seanhannity,Retweet
1578,wittyka8,Jereme45,Retweet
1580,Dwhthediver,Chicago1Ray,Retweet
1582,waynethebutcher,seanhannity,Retweet
1584,CandyCa47797626,seanhannity,Retweet
1586,Betelo1,mikepompeo,Retweet
1588,claire07210754,Cernovich,Retweet
1590,Jaycee55823897,Chicago1Ray,Retweet
1592,Jonbradley1723,seanhannity,Retweet
1594,PRAISETRIUNEGOD,PRAISETRIUNEGOD,Retweet
1595,PRAISETRIUNEGOD,PRAISETRIUNEGOD,Tweet
1596,adarpe,TNjhd,Retweet
1598,DebbieAndrle,SenTomCotton,Retweet
1599,SenTomCotton,SenTomCotton,Tweet
1600,TrumpTajMaWall,Chicago1Ray,Retweet
1602,DebbieAndrle,HawleyMO,Retweet
1604,Chatsmith2,Chicago1Ray,Retweet
1606,jalohawi,RepFranklin,Retweet
1608,Chapa4Roel,Chicago1Ray,Retweet
1610,GlikmanPatty,Cernovich,Retweet
1612,1973Grupo,18hariprakash18,Retweet
1613,18hariprakash18,18hariprakash18,Tweet
1614,DeezInDetroit,Cernovich,Retweet
1616,pskjzjas,seanhannity,Retweet
1618,WizePenguin,WizePenguin,Retweet
1619,WizePenguin,WizePenguin,Tweet
1626,industrialdemoc,EndiZentarmi,Retweet
1627,EndiZentarmi,EndiZentarmi,Tweet
1628,suprspreadr,RepFranklin,Retweet
1630,JohnTuc72335789,TNjhd,Retweet
1634,SarughG,Cernovich,Retweet
1636,Bethorama0526,PRAISETRIUNEGOD,Retweet
1638,Haquers,Cernovich,Retweet
1640,patvgarst,Chicago1Ray,Retweet
1642,RonaldP96617678,RonaldP96617678,Tweet
1643,Tklmanners17,Cernovich,Retweet
1645,Keeponfracking,Chicago1Ray,Retweet
1647,Lmstone19,seanhannity,Retweet
1649,backyardconserv,TheFirstonTV,Retweet
1650,TheFirstonTV,TheFirstonTV,Tweet
1651,TrustedTasks,seanhannity,Retweet
1653,backyardconserv,Kredo0,Retweet
1654,Kredo0,Kredo0,Tweet
1655,AndreaCrowe9,Kredo0,Retweet
1657,PatriotJ20,Cernovich,Retweet
1659,sonmanvb,bennyjohnson,Retweet
1661,SGrulaw,Chicago1Ray,Retweet
1663,EnglishLionhea1,Chicago1Ray,Retweet
1665,lovvvveerrrr,seanhannity,Retweet
1669,AfghanKobold88,RonnyJacksonTX,Retweet
1670,RonnyJacksonTX,RonnyJacksonTX,Tweet
1671,elizabetty_e,seanhannity,Retweet
1673,gambi_c,RepFranklin,Retweet
1675,ClyburnRandy,Chicago1Ray,Retweet
1677,stacnra,Chicago1Ray,Retweet
1679,YMaslavi,Chicago1Ray,Retweet
1681,lydia35656790,seanhannity,Retweet
1683,Big_T_in_the_OC,Cernovich,Retweet
1685,LDVBU,seanhannity,Retweet
1687,brentanddebbie,RepFranklin,Retweet
1689,RotoRooter36,Cernovich,Retweet
1691,PuddinandP,Cernovich,Retweet
1693,SammirSouza,seanhannity,Retweet
1695,naderehsani12,mdubowitz,Retweet
1697,d_electropolis,Cernovich,Retweet
1699,pinpuller,seanhannity,Retweet
1701,DeezInDetroit,Chicago1Ray,Retweet
1703,miltyhonza,seanhannity,Retweet
1705,TravlrSuz,Cernovich,Retweet
1707,teedub504,teedub504,Tweet
1708,christina_7mrs,seanhannity,Retweet
1710,tatsumoto_ft,mikepompeo,Retweet
1712,GhostWritingUSA,seanhannity,Retweet
1714,GmThompson7,seanhannity,Retweet
1716,PSM_Tugs,SenatorHassan,Reply
1720,susann95624993,Jereme45,Retweet
1722,BasedCyborg,Cernovich,Retweet
1724,suzeq75711615,Cernovich,Retweet
1726,Calan_Mai,Cernovich,Retweet
1728,GrimmHorror,Cernovich,Retweet
1730,Dentonreen,RepFranklin,Retweet
1732,esferaceleste,CatholicArena,Retweet
1734,LisaMcC42451573,HawleyMO,Retweet
1736,RoslynMRushing,RepFranklin,Retweet
1738,EnosJill,Cernovich,Retweet
1740,1Atsuhimerose2,CatholicArena,Retweet
1742,Gothamguardian1,Cernovich,Retweet
1744,NoWayHome5,RepLeeZeldin,Retweet
1746,seangrady314,Cernovich,Retweet
1748,ImDavidDunn,ImDavidDunn,Tweet
1749,wendyhullfish,Cernovich,Retweet
1751,PeeWee91197678,Jereme45,Retweet
1753,SERENAWINDS0R,blaireerskine,Reply
1754,TeresaSommerfe1,Cernovich,Retweet
1756,priority,RepGregSteube,Retweet
1757,RepGregSteube,RepGregSteube,Tweet
1758,LogisticsBtc,Cernovich,Retweet
1760,wlelandj,RepJayapal,Reply
1761,104thSpringer,Cernovich,Retweet
1763,Biden_Is_Lost,Jim_Jordan,Retweet
1764,Jim_Jordan,Jim_Jordan,Tweet
1765,Criostoir_Bmore,bennyjohnson,Retweet
1767,DenisDaly,DavQuinn,Reply
1768,BobNYC59,TrueBlueResists,Reply
1769,FCNCGOP,dcexaminer,Retweet
1771,agabus98,agabus98,Tweet
1772,blueyedlvrgirl,Jereme45,Retweet
1774,Neil92915798,EndiZentarmi,Retweet
1776,bartb1067,Cernovich,Retweet
1778,DrTeufelsdrockh,CatholicArena,Retweet
1780,Humphrago,Cernovich,Retweet
1782,SnydyMan,RepFranklin,Retweet
1784,MRkDarcangelo,Cernovich,Retweet
1786,DanOHerrin,BuzzPatterson,Retweet
1787,BuzzPatterson,BuzzPatterson,Tweet
1788,93quart,CatholicArena,Retweet
1790,Lablover621,Cernovich,Retweet
1792,LiKwongKuen1,mikepompeo,Retweet
1794,MrMorga24933765,CatholicArena,Retweet
1797,Ivorpabst,DavQuinn,Reply
1798,bmorrissey,DLeonhardt,Mention
1801,Apaulothirteen1,Cernovich,Retweet
1803,ActionTime,ActionTime,Retweet
1804,ActionTime,ActionTime,Tweet
1805,UsuallyRightt,Cernovich,Retweet
1807,jteismann,dcexaminer,Retweet
1809,SnydyMan,Cernovich,Retweet
1811,HobdayTheLegend,Cernovich,Retweet
1813,Barbara757276,Cernovich,Retweet
1815,mddewald,Cernovich,Retweet
1817,ciszewsm,ciszewsm,Tweet
1818,owlsfan954,semcbride100,Retweet
1819,semcbride100,semcbride100,Tweet
1820,BarBQ_MACncheez,CoryMillsFL,Retweet
1822,smlrun,NewDay,Reply
1823,carrieholmesB,elianayjohnson,Retweet
1824,elianayjohnson,elianayjohnson,Tweet
1825,provider808,HawleyMO,Retweet
1829,iknowrightk,dcexaminer,Retweet
1831,baber_naqvi,mikepompeo,Retweet
1833,AnthonyAbides,JerryDunleavy,Retweet
1835,snowman10022002,RepFranklin,Retweet
1837,WRudhman,Cernovich,Retweet
1839,angieLovesUSA,domenicadelia22,Retweet
1840,domenicadelia22,domenicadelia22,Tweet
1841,Stillhe77170033,RepLeeZeldin,Retweet
1843,OrganicApples63,Cernovich,Retweet
1845,TamaraW86146879,Jereme45,Retweet
1847,heiser_jan,Cernovich,Retweet
1849,leungmelvin1,mikepompeo,Retweet
1851,Pamsta67,HawleyMO,Retweet
1853,BellaBe63637273,Jereme45,Retweet
1855,D19z7,StephenKing,Reply
1856,YASSQUEEN13,YASSQUEEN13,Tweet
1857,Cassand76234017,RepFranklin,Retweet
1859,reagan80mom1,Jereme45,Retweet
1862,DodgerBill4,Jereme45,Retweet
1864,Suzume_chan007,Suzume_chan007,Tweet
1865,sickofinsanity,CoryMillsFL,Retweet
1867,xxhiattexx,RepFranklin,Retweet
1869,leyli_sadat,IvoTONIUT,Retweet
1870,IvoTONIUT,IvoTONIUT,Tweet
2014,CelestineJSchn3,RepFranklin,Retweet
2016,Robsgirl7591,HawleyMO,Retweet
2018,IvoTONIUT,IvoTONIUT,Retweet
2020,RisksAssociated,RisksAssociated,Tweet
2021,nicks_nancy,RepFranklin,Retweet
2023,Snoopy26633818,HawleyMO,Retweet
2025,DarthGamer73,NancyTabak,Reply
2026,DarthGamer73,mcspocky,Reply
2027,CommonS07025819,jimmichael720,Retweet
2030,DMarie1953,Cernovich,Retweet
2032,GeromanAT,EndiZentarmi,Retweet
2034,EgoAltered02,RepFranklin,Retweet
2036,Bobbi12410363,Cernovich,Retweet
2038,MartyBassett,GOPChairwoman,Retweet
2040,MarleneGrim1,bennyjohnson,Retweet
2059,TheWaProudAunt,RepFranklin,Retweet
2061,pjchougule,"JoeBiden,",Mention
2062,DDawgMann,RSBNetwork,Retweet
2063,RSBNetwork,RSBNetwork,Tweet
2064,andy_eattherich,michael_david41,Reply
2065,andy_eattherich,AOC,Reply
2066,vikram_Singh002,NikkiHaley,Retweet
2068,PuisSammy,Mattallica17,Retweet
2069,Mattallica17,Mattallica17,Tweet
2070,ReneMaritz2,Cernovich,Retweet
2072,LeftyBotty,ActionTime,Retweet
2074,James59270371,RepLeeZeldin,Retweet
2076,kiatt001,HawleyMO,Retweet
2078,janeyK_KAG,Mattallica17,Retweet
2080,Clint4USA,Cernovich,Retweet
2082,OnalaskaGarry,Cernovich,Retweet
2084,thesaintforever,Cernovich,Retweet
2086,davidpo10656244,davidpo10656244,Retweet
2087,davidpo10656244,davidpo10656244,Tweet
2088,JohnStrand11,JohnStrand11,Tweet
2089,interest_uk,interest_uk,Tweet
2090,oberly_colleen,RepFranklin,Retweet
2094,johnpetrey,RepFranklin,Retweet
2096,BethKaras3,HawleyMO,Retweet
2101,SteveBa87363817,glennbeck,Retweet
2103,conndec,Cernovich,Retweet
2105,henri1746,henri1746,Tweet
2106,arvayo_ema,Cernovich,Retweet
2109,DonnaRocky1,RepLeeZeldin,Retweet
2111,marlow1671,Cernovich,Retweet
2114,linda1974a,Cernovich,Retweet
2116,FaisalBongobong,puffin1952,Retweet
2117,puffin1952,puffin1952,Tweet
2118,depriest_kevin,jalen_drummond,Retweet
2120,Freedom5019,w_terrence,Retweet
2121,w_terrence,w_terrence,Tweet
2122,senatehub,Cernovich,Retweet
2124,MarleneGrim1,HawleyMO,Retweet
2126,ShellbackGolden,RepLeeZeldin,Retweet
2130,kabulii,kristina_wong,Retweet
2134,GIANT918,Cernovich,Retweet
2137,Spencz1997,CNNSitRoom,Retweet
2138,CNNSitRoom,CNNSitRoom,Tweet
2139,ehivyrocco,RepFranklin,Retweet
2141,akamaigirl1,HawleyMO,Retweet
2143,BLFASTLUBE,BLFASTLUBE,Tweet
2146,telecomsreg,telecomsreg,Tweet
2148,DirtRockr,Cernovich,Retweet
2150,E_Stasz,CawthornforNC,Retweet
2153,setareh99075610,mdubowitz,Retweet
2155,txgbnr,Jereme45,Retweet
2157,sibocilbebal,flopia54,Retweet
2158,flopia54,flopia54,Tweet
2159,Smurfette913,Cernovich,Retweet
2161,hithere70,Cernovich,Retweet
2163,Mycrittersmom,HawleyMO,Retweet
2165,jamescounihan1,TomPorterDC,Retweet
2166,TomPorterDC,TomPorterDC,Tweet
2167,JoyceBruns,NikkiHaley,Retweet
2169,Ehsan_Ghamkhor,SecBlinken,Reply
2170,I_amlight__,NikkiHaley,Retweet
2172,RedRocketBlast,Cernovich,Retweet
2174,barney_nipples,Cernovich,Retweet
2176,TerryHammons1,Cernovich,Retweet
2178,oledi45,oledi45,Tweet
2180,TribalJourno,ZaknafeinDC,Retweet
2181,ZaknafeinDC,ZaknafeinDC,Tweet
2182,ronsrons123,joshua_landis,Retweet
2185,Last2ndFleetCMC,dcexaminer,Retweet
2187,Gregory78534010,BBCWorld,Reply
2188,Rifleman4WVU,dhatfield,Retweet
2189,dhatfield,dhatfield,Tweet
2190,thebitc68134788,Jereme45,Retweet
2192,dhatfield,"HawleyMO,",Mention
2193,admz767671,mikepompeo,Retweet
2195,Jack54962746,Cernovich,Retweet
2197,rocke_rocket,RepFranklin,Retweet
2199,kimspence,RNCResearch,Retweet
2200,RNCResearch,RNCResearch,Tweet
2201,warnmich31,SenatorSinema,Reply
2202,warnmich31,POTUS,Reply
2203,OmidFarooq,ForeignPolicy,Retweet
2366,Gerardo86769852,Cernovich,Retweet
2414,DianneCaudle10,Cernovich,Retweet
2416,MOS58111,MOS58111,Tweet
2417,Harrison_A_777,HananyaNaftali,Retweet
2419,BiDoxLLC,Kredo0,Retweet
2421,babgocubs,Cernovich,Retweet
2423,merissahamilton,Cernovich,Retweet
2425,rusnsusan,RepFranklin,Retweet
2427,Ariadi45228529,dcexaminer,Retweet
2429,BarnyardBovine,Bognet4congress,Reply
2430,FidTradZ101,HawleyMO,Retweet
2432,PcPati,Cernovich,Retweet
2434,I_shiht_zu_not,HawleyMO,Retweet
2436,lisaannwersing1,PrincessTerm,Retweet
2437,PrincessTerm,PrincessTerm,Tweet
2438,WalkingCrow2,Cernovich,Retweet
2440,vmetu,Cernovich,Retweet
2442,RaymondYos,Cernovich,Retweet
2444,AlexanderKarap5,AlexanderKarap5,Tweet
2445,LaurieDevore,RepLeeZeldin,Retweet
2447,jonathankwong04,ForeignPolicy,Retweet
2449,westld24,RepFranklin,Retweet
2451,deb_sadie,RepDLesko,Retweet
2452,RepDLesko,RepDLesko,Tweet
2453,MauryO,Cernovich,Retweet
2455,galleryatkingst,Cernovich,Retweet
2457,fbelad,CawthornforNC,Retweet
2459,Chancesmom234,Cernovich,Retweet
2461,Divin3Fort3,kayleighmcenany,Retweet
2462,kayleighmcenany,kayleighmcenany,Tweet
2463,barrykewg,Cernovich,Retweet
2465,Gildarts_is_op,Cernovich,Retweet
2467,DanFined,for_americans,Retweet
2468,for_americans,for_americans,Tweet
2469,mikkel_chandler,RepFranklin,Retweet
2471,IlyaB700,mikepompeo,Retweet
2473,ClareIN_CALI,dcexaminer,Retweet
2475,ccayton06,Cernovich,Retweet
2477,BeFairToTrump,dcexaminer,Retweet
2480,PattiMotley2,mikepompeo,Retweet
2482,LindaRasell8,Cernovich,Retweet
2484,RecallGavs,RepFranklin,Retweet
2486,timelessmercury,theMRC,Retweet
2488,ConnorBurnsUSA,CoryMillsFL,Retweet
2490,ConnorBurnsUSA,MillsForFlorida,Retweet
2491,MillsForFlorida,MillsForFlorida,Tweet
2492,reeeeereeeeee2,Cernovich,Retweet
2494,ImHereForTrump,Cernovich,Retweet
2496,AmericaRising17,dYu7vug97v2Qcqh,Retweet
2497,dYu7vug97v2Qcqh,dYu7vug97v2Qcqh,Tweet
2498,dYu7vug97v2Qcqh,dYu7vug97v2Qcqh,Retweet
2500,dYu7vug97v2Qcqh,DonaldJTrumpJr,Reply
2501,chalko91,Cernovich,Retweet
2503,WithXS,Cernovich,Retweet
2507,exmalecugar,STVNews,Reply
2508,dYu7vug97v2Qcqh,JesseKellyDC,Reply
2511,DrWhoIsMyName1,DrWhoIsMyName1,Tweet
2512,dYu7vug97v2Qcqh,ColumbiaBugle,Reply
2515,dYu7vug97v2Qcqh,johncardillo,Reply
2516,dYu7vug97v2Qcqh,GOPLeader,Reply
2517,elio_marchesi,bennyjohnson,Retweet
2519,_HamzaN_,_HamzaN_,Tweet
2520,TerribleJesse,Cernovich,Retweet
2522,outsidethedcbox,RepLeeZeldin,Retweet
2524,AnndeRoo,kayleighmcenany,Reply
2526,dreed9665,Cernovich,Retweet
2528,Cmdr10HenryRet,Cernovich,Retweet
2530,TrustThePeople2,OliverLNorth,Retweet
2531,OliverLNorth,OliverLNorth,Tweet
2532,ArcudijHawrylak,PolitiFact,Retweet
2533,PolitiFact,PolitiFact,Tweet
2534,freedomUSATRUMP,Cernovich,Retweet
2536,ve10ve,euamiri,Retweet
2537,euamiri,euamiri,Tweet
2538,Johnnes56122312,Cernovich,Retweet
2540,marciatcarter,Jereme45,Retweet
2542,OgdenTennis,RepFranklin,Retweet
2544,SmithTope,bennyjohnson,Retweet
2546,ModratM,RepFranklin,Retweet
2548,1AlexSutcliffe,o33ultrebel,Retweet
2549,o33ultrebel,o33ultrebel,Tweet
2730,angieLovesUSA,SunMa37072895,Retweet
2731,SunMa37072895,SunMa37072895,Tweet
2821,FinanceConserv1,SunMa37072895,Retweet
2823,bluuk4,Cernovich,Retweet
2825,RanyaSalih,dgoldtech,Retweet
2826,dgoldtech,dgoldtech,Tweet
2827,SimpleMacSmith,Cernovich,Retweet
2829,funswitch20,Cernovich,Retweet
2831,Luckdragon1982,Luckdragon1982,Tweet
2832,Ken22691813,Cernovich,Retweet
2834,titfather,LiberationPill,Reply
2835,strumpetcity,Cernovich,Retweet
2837,oksaleiz,RepMikeGarcia,Retweet
2839,ayobamei,Cernovich,Retweet
2841,LBisogne,SunMa37072895,Retweet
2843,boyer_elli,NikkiHaley,Retweet
2845,nason_rod,Cernovich,Retweet
2847,koeniglachman,Cernovich,Retweet
2852,FWorldcitizen,VeraVanHorne,Reply
2853,nola1107,SunMa37072895,Retweet
2855,theangryswiftie,NikkiHaley,Retweet
2857,AfghanHerald,AfghanHerald,Tweet
2858,corlien,Jereme45,Retweet
2860,Push2C_4Pi,Csdk1111,Reply
2861,Push2C_4Pi,PramilaJayapal,Reply
2862,Push2C_4Pi,RcRegalstarfire,Reply
2863,keeissner,euamiri,Retweet
2865,TammyCC,brianoloughlin9,Retweet
2866,brianoloughlin9,brianoloughlin9,Tweet
2867,TimothyGreenway,Cernovich,Retweet
2869,relena_gv,Cernovich,Reply
2870,relena_gv,Liz_Cheney,Reply
2871,relena_gv,FoxNews,Reply
2872,relena_gv,TuckerCarlson,Reply
2873,relena_gv,rupertmurdoch,Reply
2874,relena_gv,jayawallace,Reply
2875,relena_gv,Suzannescott,Reply
2876,relena_gv,SpeakerRyan,Reply
2877,dYu7vug97v2Qcqh,willchamberlain,Reply
2878,dYu7vug97v2Qcqh,JackPosobiec,Reply
2879,Harixph,WIONews,Reply
2880,Harixph,SaroyaHem,Reply
2883,novrain78,SenJohnBarrasso,Retweet
2884,SenJohnBarrasso,SenJohnBarrasso,Tweet
2885,dYu7vug97v2Qcqh,AVindman,Reply
2886,RMalone30788473,Cernovich,Retweet
2888,WfYDY1D5f2EG3lH,bsarwary,Reply
2889,Somewhe25118085,HawleyMO,Retweet
2891,BrainDe01203951,ReclaimedWoodW,Retweet
2892,ReclaimedWoodW,ReclaimedWoodW,Tweet
2893,KulifaiMt,Cernovich,Retweet
2895,Lpuzzle6,RepFranklin,Retweet
2900,dYu7vug97v2Qcqh,TrueLegendFilms,Reply
2904,dYu7vug97v2Qcqh,AmandaMilius,Reply
2905,BBeb1997,Cernovich,Retweet
2907,thinkingabt,bennyjohnson,Retweet
2909,rrkile,Cernovich,Retweet
2913,dYu7vug97v2Qcqh,TheAndrewMeyer3,Reply
2914,dYu7vug97v2Qcqh,AntiWhiteMovie,Reply
2916,dYu7vug97v2Qcqh,AlexsWarMovie,Reply
2917,dYu7vug97v2Qcqh,jondutoit,Reply
2918,dYu7vug97v2Qcqh,FogCityMidge,Reply
2919,dYu7vug97v2Qcqh,Cernovich,Reply
2920,takiandryu,mikepompeo,Retweet
2922,Celtic101398147,RepFranklin,Retweet
2924,AsiaMTI,AsiaMTI,Tweet
2925,ClubLang,Cernovich,Retweet
3093,Zsigawhat,jimgeraghty,Retweet
3094,jimgeraghty,jimgeraghty,Tweet
3095,robbyj49,Cernovich,Retweet
3099,TTGourmet,RepGregSteube,Retweet
3101,dYu7vug97v2Qcqh,TuckerCarlson,Reply
3102,chris_norcal,brobert545,Retweet
3106,DarrylPhelps9,DarrylPhelps9,Tweet
3107,dYu7vug97v2Qcqh,joekent16jan19,Reply
3109,Slamphear4,Jereme45,Retweet
3111,FetteLynda,votevets,Retweet
3113,jonathonenelson,realdonhammed,Retweet
3115,weilaibb,mikepompeo,Retweet
3117,nerdrunner,Cernovich,Retweet
3156,ani_bencohen,for_americans,Retweet
3158,MlarrySwart,HawleyMO,Retweet
3160,dYu7vug97v2Qcqh,jeremycarl4,Reply
3164,jla734,dYu7vug97v2Qcqh,Retweet
3166,dYu7vug97v2Qcqh,WSJ,Reply
3169,Paul77407331,SunMa37072895,Retweet
3171,America4Always,HawleyMO,Retweet
3173,laite_love,Cernovich,Retweet
3175,dYu7vug97v2Qcqh,RealAdamK,Reply
3176,arwen34001,for_americans,Retweet
3178,RachelFasolini,Cernovich,Retweet
3180,adp10USA,Jereme45,Retweet
3182,MonaPerry_,votevets,Retweet
3184,MillionMomsMeet,votevets,Retweet
3186,SeanT_42,Cernovich,Retweet
3188,JerseyPatriots,Cernovich,Retweet
3190,Joshueenmanuel3,HawleyMO,Retweet
3192,Citizen817,Citizen817,Tweet
3193,TrumanHenry51,Cernovich,Retweet
3195,AndyJac43332246,Cernovich,Retweet
3197,princesssdawn,EROTHCJ5,Retweet
3198,EROTHCJ5,EROTHCJ5,Tweet
3199,chochmeister09,Cernovich,Retweet
3201,ChinaDailyNews1,Cernovich,Retweet
3203,fl85,fl85,Retweet
3204,fl85,fl85,Tweet
3206,yupperon,RepFranklin,Retweet
3208,CATHERINENEVER2,votevets,Retweet
3210,PaulAragon,JRubinBlogger,Reply
3211,lphant1114,RepFranklin,Retweet
3213,ClanPetrie,anneapplebaum,Reply
3214,ReallyAliveNow,votevets,Retweet
3216,SeatMary,tatevicki65,Retweet
3217,tatevicki65,tatevicki65,Tweet
3218,MRobovsky,for_americans,Retweet
3220,markl5757,bennyjohnson,Retweet
3222,BrownYasmine,Cernovich,Retweet
3224,khalidaljufairi,khalidaljufairi,Tweet
3225,NatishNatash,Jereme45,Retweet
3227,JR_2020,CTVNews,Reply
3228,KelleyJo722,bennyjohnson,Retweet
3230,jtwardawg,RepFranklin,Retweet
3232,for_americans,LehiRed,Reply
3233,mashashilo1,OlgaNYC1211,Reply
3234,mashashilo1,markomihkelson,Reply
3235,IntellPills,IntellPills,Tweet
3236,rachelf512,Cernovich,Retweet
3238,FF58406291,Cernovich,Retweet
3240,socrates1951,socrates1951,Tweet
3241,peachy_politics,LathamSaddler,Retweet
3242,LathamSaddler,LathamSaddler,Tweet
3243,LoriPahls,mikepompeo,Retweet
3245,Isthetruthtoom1,Cernovich,Retweet
3247,GeorgeFetz,GeorgeFetz,Tweet
3248,NickyBanks14,Cernovich,Retweet
3250,PorchStereo,Cernovich,Retweet
3252,paul_pm13,LaxDad98857839,Reply
3253,paul_pm13,ILPollster,Reply
3254,dabogda,Cernovich,Retweet
3256,mmhonolulu,newsmax,Retweet
3258,lulubell2141,Cernovich,Retweet
3260,SSgtSheepDog,Jereme45,Retweet
3262,freddoso,freddoso,Tweet
3263,MarksmanMilitia,kenkircher1,Reply
3264,MarksmanMilitia,GunOwners,Reply
3265,MarksmanMilitia,RepChipRoy,Reply
3266,Bert7058,Jereme45,Retweet
3268,jhamATL,Cernovich,Retweet
3270,dcpecc412,dcpecc412,Tweet
3271,DCPrice63,DCPrice63,Tweet
3272,mattutd71,Cernovich,Retweet
3274,clog501,glennbeck,Retweet
3276,gugge_,Cernovich,Retweet
3278,Ancap_Bitcoiner,Cernovich,Retweet
3280,HargerLisa,Cernovich,Retweet
3282,kat5775kat,votevets,Retweet
3284,izalright,HawleyMO,Retweet
3286,H0NK__H0NK,HawleyMO,Retweet
3288,Cryptoherb2,HawleyMO,Retweet
3290,madhukheni77,DarshanaJardosh,Retweet
3291,DarshanaJardosh,DarshanaJardosh,Tweet
3292,ThomasN34944504,Cernovich,Retweet
3294,JJNatt2,Cernovich,Retweet
3296,gustadoloz,Cernovich,Retweet
3298,Katiedehart7,RepFranklin,Retweet
3300,ADungus,ADungus,Tweet
3301,wigbayer,Cernovich,Retweet
3310,joe97559604,hk_collins,Reply
3311,joe97559604,disantcing,Reply
3312,joe97559604,lukeLew27924555,Reply
3313,joe97559604,markgromo,Reply
3314,joe97559604,cwt_news,Reply
3315,joe97559604,joerogan,Reply
3316,ShawnyReed,ShawnyReed,Tweet
3317,Unitedshashe,votevets,Retweet
3319,BaronianConsult,BaronianConsult,Tweet
3320,WarriorLibESQ,votevets,Retweet
3322,ego_biggest,Cernovich,Retweet
3324,maferegas,Cernovich,Retweet
3326,McCuckTownMayor,Cernovich,Retweet
3328,Noname50803039,Cernovich,Retweet
3330,brianlenehan,JackMFoster,Reply
3331,brianlenehan,KristiRaik,Reply
3332,corneliushanung,corneliushanung,Tweet
3333,TravisP69253576,Cernovich,Retweet
3335,UrsulaR21751774,Jereme45,Retweet
3337,GoldStarMom,votevets,Retweet
3339,john19187295,HawleyMO,Retweet
3342,pittsfansandy1,Cernovich,Retweet
3344,WilliestOfDugs,Cernovich,Retweet
3346,NathanChvt,Cernovich,Retweet
3348,jltwhatever4,benpershing,Retweet
3349,benpershing,benpershing,Tweet
3350,ParsleyJane8,votevets,Retweet
3352,verdadDice1,Cernovich,Retweet
3354,lynnlynnlavel21,Cernovich,Retweet
3356,1792Pablo,Cernovich,Retweet
3358,HBad2020,Cernovich,Retweet
3360,PerhapsnotTruth,PerhapsnotTruth,Tweet
3361,mlw975,fl85,Retweet
3363,KellyRek,BryanDeanWright,Retweet
3364,BryanDeanWright,BryanDeanWright,Tweet
3365,TheRealChrisCCI,theMRC,Retweet
3370,Patrici84874175,RepFranklin,Retweet
3372,CooperDoyle1,opinonhaver,Retweet
3373,opinonhaver,opinonhaver,Tweet
3374,Fauxfrenzi,Cernovich,Retweet
3376,jason62392938,Cernovich,Retweet
3378,AmandaThigpen4,Cernovich,Retweet
3380,NwaGodP5,HananyaNaftali,Retweet
3382,njblueshirt367,HawleyMO,Retweet
3384,Draggen75,bennyjohnson,Retweet
3386,love061309,WesleyHuntTX,Retweet
3387,WesleyHuntTX,WesleyHuntTX,Tweet
3388,RetzlaffJulie,bennyjohnson,Retweet
3390,SuperdadGrandad,Cernovich,Retweet
3392,mumhoneybadger,SteveHiltonx,Retweet
3394,Jeffaopa1,Cernovich,Retweet
3396,JanCookin,RepFranklin,Retweet
3398,notamused123,Cernovich,Retweet
3400,mlw975,CatoInstitute,Retweet
3401,CatoInstitute,CatoInstitute,Tweet
3402,TsicsafPelosi,MaendelWealth,Retweet
3403,MaendelWealth,MaendelWealth,Tweet
3404,FarrowPorcher,AJEnglish,Reply
3405,OffSeattle,Cernovich,Retweet
3407,DinaPatriot,mikepompeo,Retweet
3410,CryptoVRock,HawleyMO,Retweet
3412,ltmvalley,Cernovich,Retweet
3414,Polly00843899,Cernovich,Retweet
3416,DelueA,Cernovich,Retweet
3418,lovehikingUSA,Lovemyproxy,Reply
3419,Bullman2509,Cernovich,Retweet
3421,violetssmith,HawleyMO,Retweet
3423,magameemaw,Cernovich,Retweet
3425,Lbow19,Cernovich,Retweet
3427,theresalrosa,Cernovich,Retweet
3429,dlb1us,RepFranklin,Retweet
3431,MarkWHuth1,mikepompeo,Retweet
3434,hecsev,bennyjohnson,Retweet
3436,texan_south,BradyDukeFL,Retweet
3437,BradyDukeFL,BradyDukeFL,Tweet
3438,eclectelectric,BryanDeanWright,Retweet
3440,skylardo,Cernovich,Retweet
3442,jimmichael720,Cernovich,Retweet
3444,LoFreehk,newsmax,Retweet
3446,2oonz,GOPChairwoman,Retweet
3448,BamiWai2,Cernovich,Retweet
3450,VeganLoveTeach,Cernovich,Retweet
3452,PLisaj,Cernovich,Retweet
3454,md_someone_,Cernovich,Retweet
3456,Draggen75,Cernovich,Retweet
3458,Farid39139836,Farid39139836,Tweet
3459,kmfp1983,Cernovich,Retweet
3461,KhoshalGaniKhan,calxandr,Retweet
3462,calxandr,calxandr,Tweet
3463,MojaveMamma,Cernovich,Retweet
3465,tatevicki65,tatevicki65,Retweet
3467,dolly77646102,theMRC,Retweet
3469,EmilsonNunesCo2,DineshDSouza,Reply
3470,HallinMia,RepFranklin,Retweet
3472,Stephaniec7257,teresa59420516,Retweet
3473,teresa59420516,teresa59420516,Tweet
3474,EmilsonNunesCo2,SpeakerPelosi,Reply
3475,CaliforniaRasp1,HawleyMO,Retweet
3477,mvsparavida,Cernovich,Retweet
3479,EmilsonNunesCo2,RFI,Reply
3480,FTimes15,JerryDunleavy,Retweet
3482,Vleponas,HawleyMO,Retweet
3484,JJtooCold,BobRmhenry1,Retweet
3485,BobRmhenry1,BobRmhenry1,Tweet
3486,GaynorBenson,RepFranklin,Retweet
3488,ImpeachBiden18,Cernovich,Retweet
3490,JohnTX89,Cernovich,Retweet
3496,john_bromfield,ghost_wales,Retweet
3498,MikPodcast,MikPodcast,Tweet
3499,smith77808,Wilamena,Reply
3500,smith77808,Cernovich,Reply
3501,smith77808,Liz_Cheney,Reply
3502,smith77808,FoxNews,Reply
3503,smith77808,TuckerCarlson,Reply
3504,smith77808,rupertmurdoch,Reply
3505,smith77808,jayawallace,Reply
3506,smith77808,Suzannescott,Reply
3507,smith77808,SpeakerRyan,Reply
3508,LisabelleArt,Cernovich,Retweet
3510,0xcusesfitness,mikepompeo,Retweet
3512,djtmaga2017,Cernovich,Retweet
3514,EmilsonNunesCo2,MSNBC,Reply
3515,EmilsonNunesCo2,NickAdamsinUSA,Reply
3516,ChazFupa,OBarromon,Reply
3517,ChazFupa,SissorsTwoPoint,Reply
3518,ChazFupa,meowmeowmia,Reply
3519,ChazFupa,emma_gear,Reply
3520,ChazFupa,POTUS,Reply
3521,ChazFupa,JoeBiden,Reply
3522,ChazFupa,TheDemocrats,Reply
3523,christiancnserv,bennyjohnson,Retweet
3525,shhshshrrr,Cernovich,Retweet
3528,ryangers97,Cernovich,Retweet
3532,SGrulaw,Jereme45,Retweet
3534,BNeelin,BNeelin,Tweet
3535,Xili86426200,mikepompeo,Retweet
3537,EmilsonNunesCo2,ACTBrigitte,Reply
3538,JasonRennard,Cernovich,Retweet
3540,JusticePrevai15,RepFranklin,Retweet
3542,libreof,Cernovich,Retweet
3544,GObs2024,RepFranklin,Retweet
3547,ihe_onu,HananyaNaftali,Retweet
3549,MtRushmore2016,Cernovich,Retweet
3551,novemberscomin,Cernovich,Retweet
3553,SuperSteamy,Cernovich,Retweet
3555,EmilsonNunesCo2,PapiTrumpo,Reply
3556,EmilsonNunesCo2,HTis2020,Reply
3557,JordenCollins,Cernovich,Retweet
3559,ceileenbutcher,GOPChairwoman,Retweet
3561,AKPartiAkil,euamiri,Retweet
3563,EmilsonNunesCo2,CNN,Reply
3564,Liana_,Cernovich,Retweet
3566,EmilsonNunesCo2,washingtonpost,Reply
3567,DorothyStarks19,Cernovich,Retweet
3569,SSRB5QJqfwhNLwb,mikepompeo,Retweet
3571,lol_momof2boys,5kids89,Retweet
3572,5kids89,5kids89,Tweet
3574,EmilsonNunesCo2,JoeBiden,Reply
3575,wvguitarcom,DineshDSouza,Reply
3576,Megamandad,Cernovich,Retweet
3578,whaley_matthew,Cernovich,Retweet
3580,EmilsonNunesCo2,stillgray,Reply
3581,EmilsonNunesCo2,KamalaHarris,Reply
3582,RogetRocketman1,jalen_drummond,Retweet
3584,patriot_latina,theMRC,Retweet
3586,sanbernman,RepFranklin,Retweet
3588,BurauFred,Jereme45,Retweet
3591,Kmurray68895848,Cernovich,Retweet
3593,BolanosIglesias,CawthornforNC,Retweet
3595,IReceivetheRain,theMRC,Retweet
3597,JesseCoffey15,JesseCoffey15,Tweet
3598,Hustler81,STEPHMHAMILL,Retweet
3600,marvajudd,Cernovich,Retweet
3602,Shirley4America,Cernovich,Retweet
3604,dgoldtech,EliLake,Reply
3605,Stephaniec7257,brobert545,Retweet
3607,nosynnet0934,AdamKinzinger,Reply
3608,nosynnet0934,FoxNews,Reply
3609,FMFHopkins,laralogan,Retweet
3610,laralogan,laralogan,Tweet
3611,hectorponce86,Cernovich,Retweet
3613,EmilsonNunesCo2,willchamberlain,Reply
3614,EmilsonNunesCo2,MZHemingway,Reply
3615,AjcFisher,CHHR01,Retweet
3617,RichOowen2,MeeksAZ,Retweet
3618,MeeksAZ,MeeksAZ,Tweet
3619,EmilsonNunesCo2,EmilsonNunesCo2,Tweet
3620,Awkward_Game74,RepFranklin,Retweet
3622,dbrin62,adam_antill,Reply
3623,dbrin62,DeezInDetroit,Reply
3624,katrinia_godwin,CawthornforNC,Retweet
3626,MarySchmid2,RepFranklin,Retweet
3628,Patrick_Huested,Cernovich,Retweet
3630,PressD,Cernovich,Retweet
3632,Laura_K8T,richsignorelli,Reply
3633,Laura_K8T,CNN,Reply
3634,christinegallag,jalen_drummond,Retweet
3636,Wanderer711,PrincessTerm,Retweet
3638,patriot_val,bennyjohnson,Retweet
3640,jhusband42,jhusband42,Tweet
3641,TroubledDays,Cernovich,Retweet
3643,jaldenreiser,STEPHMHAMILL,Retweet
3645,BigPhur,ForeignPolicy,Retweet
3647,USA_Is_Freedom,mikepompeo,Retweet
3649,loveanimals104,Cernovich,Retweet
3651,truth_in_wisdom,bennyjohnson,Retweet
3653,JKluegel,RepFranklin,Retweet
3655,lbastura,Cernovich,Retweet
3657,JennySo12756207,Cernovich,Retweet
3659,BeLLaTeE501,Cernovich,Retweet
3661,kirksports,Cernovich,Retweet
3663,French_Chris,RBReich,Reply
3664,drdazzledogz,Cernovich,Retweet
3666,MannyOrtiz51,MannyOrtiz51,Tweet
3667,bpbogel,DavidJHarrisJr,Retweet
3668,DavidJHarrisJr,DavidJHarrisJr,Tweet
3669,christiancnserv,Cernovich,Retweet
3671,henrywilson879,henrywilson879,Tweet
3672,Keithhinton8,RonnyJacksonTX,Retweet
3674,CMack3030,Cernovich,Retweet
3676,JosieMoyer,Cernovich,Retweet
3678,LangDixon1991,Cernovich,Retweet
3680,Bob58072227,Cernovich,Retweet
3832,Rose_Ranger45,Jereme45,Retweet
3834,H1bH4VisaEnder,Cernovich,Retweet
3836,BillieFancis,RepFranklin,Retweet
3838,Conrad62181449,RepLeeZeldin,Retweet
3840,Redeemed1952,brobert545,Retweet
3842,top_cat_fitness,RepFranklin,Retweet
3844,Oarfishjuly,mikepompeo,Retweet
3846,Randall06571507,CHHR01,Retweet
3848,BarrettZlh,RepFranklin,Retweet
3850,sheilak55,RepFranklin,Retweet
3852,EMOTIONorREASON,EMOTIONorREASON,Tweet
3853,sallymaetexas,Cernovich,Retweet
3855,ka2wye,brobert545,Retweet
3858,vamp1113,MercurySchroepp,Reply
3859,heiressarts,CHHR01,Retweet
3886,buckeyesavage,Jereme45,Retweet
3888,panderkin41,USArmyVet9,Retweet
3889,USArmyVet9,USArmyVet9,Tweet
3890,albose,Cernovich,Retweet
3892,spumoni011112,newsmax,Retweet
3894,USC99,Cernovich,Retweet
3896,c5wired97,DineshDSouza,Retweet
3898,antony_mweu,Cernovich,Retweet
3900,ryan102857,RepFranklin,Retweet
3902,UuTDO5IvBzk5JpQ,mikepompeo,Retweet
3904,MiLick74,Cernovich,Retweet
3906,NomadNewzjunkie,NomadNewzjunkie,Tweet
3907,okkpw,HawleyMO,Retweet
3909,cha_fife,HawleyMO,Retweet
3911,SoCalEdgyGal,RepFranklin,Retweet
3913,GlassyJenn,Cernovich,Retweet
3915,Nichelle_D,Jereme45,Retweet
3917,radiant_ravioli,Cernovich,Retweet
3919,James3866,Jereme45,Retweet
3921,PattySt36426491,RepFranklin,Retweet
3923,rocke_rocket,RepLeeZeldin,Retweet
3925,jblcu,Cernovich,Retweet
3927,WDRALR,RepFranklin,Retweet
3929,45Won2021,HawleyMO,Retweet
3931,SouthbayMonica,Cernovich,Retweet
3933,ImpVon,ImpVon,Tweet
3934,Alan64015721,Jereme45,Retweet
3936,Me21501655,HawleyMO,Retweet
3938,USAFAMPRIDE,Cernovich,Retweet
3940,tweet4852,ForeignPolicy,Retweet
3942,Shoehead,CoryMillsFL,Retweet
3944,facetioussoup,facetioussoup,Tweet
3945,JBlakeC1,Cernovich,Retweet
3947,HeleneFernand16,RepFranklin,Retweet
3949,RoseannWashbur1,Cernovich,Retweet
3951,katie3626,Cernovich,Retweet
3953,MrFanta82635484,Cernovich,Retweet
3955,Dwhthediver,Cernovich,Retweet
3957,JohnDoesMyName,Cernovich,Retweet
3959,lepke2112,spzkaz,Reply
3960,lepke2112,8BrianVogel4,Reply
3961,lepke2112,kate29644259,Reply
3962,lepke2112,357rees,Reply
3963,lepke2112,_gawdy_,Reply
3964,lepke2112,ronquille_paul,Reply
3965,lepke2112,CalvinE43701301,Reply
3966,lepke2112,ShawnSm58925824,Reply
3967,lepke2112,AFreeQueen,Reply
3968,CJ17Stormrider,newsmax,Retweet
3970,vBurn301,Cernovich,Retweet
3972,Michael84299309,Cernovich,Retweet
3974,JulieMilnerEsq,RepLeeZeldin,Retweet
3976,MigityMiguel,Cernovich,Retweet
3978,Mckeeluck,HawleyMO,Retweet
3980,wcm45701,RepFranklin,Retweet
3982,timmins316,timmins316,Tweet
3983,tj_nash80,Cernovich,Retweet
3985,Clipman0,MercurySchroepp,Reply
3986,JosephG62921383,Abhinary,Reply
3987,Polulis,RepFranklin,Retweet
3989,RallySanta,RepFranklin,Retweet
3991,acoldcupofJoe,Cernovich,Retweet
3993,QuickestC,RepFranklin,Retweet
3995,sharonlwhite25,CoryMillsFL,Retweet
3997,LangDixon1991,bennyjohnson,Retweet
3999,Mike56500724,Cernovich,Retweet
4001,ladybuttons1,Cernovich,Retweet
4003,deuce_clubs,Cernovich,Retweet
4005,rich_helmer,Cernovich,Retweet
4007,MrRetweetingMan,Cernovich,Retweet
4009,Zelda22410249,DineshDSouza,Retweet
4011,Traps_not_gay44,goldencaskcap,Retweet
4012,goldencaskcap,goldencaskcap,Tweet
4013,dave_warhammer,Cernovich,Retweet
4015,MindHunter800,ForeignPolicy,Retweet
4017,realBobStephens,Cernovich,Retweet
4019,KITKATZEROZERO,Jereme45,Retweet
4021,AngryPatriot556,Cernovich,Retweet
4023,SwanieJohn,Cernovich,Retweet
4025,lovegreece,Cernovich,Retweet
4027,viewfromnz,possum_oh,Reply
4028,viewfromnz,comgeek25,Reply
4029,viewfromnz,atrupar,Reply
4030,sgbrock,Cernovich,Retweet
4032,CRYPTOMAYHEM2,Cernovich,Retweet
4034,LoveOoooops,RepFranklin,Retweet
4036,lizzyandjuanito,Cernovich,Retweet
4038,Kryptolese,Cernovich,Retweet
4040,paloaltogreen2,Cernovich,Retweet
4042,vcanews_uk,vcanews_uk,Tweet
4043,kelicarender,Cernovich,Retweet
4045,2FaithOverFear,Cernovich,Retweet
4047,AtlassiTeresa,Cernovich,Retweet
4049,JanetPursley,anaious,Retweet
4050,anaious,anaious,Tweet
4051,alleycat18721,GOP,Retweet
4053,PHOKC06,StandForAmerica,Retweet
4055,briticoibb,CNN,Reply
4056,briticoibb,jaketapper,Mention
4057,lareux24,Cernovich,Retweet
4059,DomRusso49,Cernovich,Retweet
4061,Inferior_court_,JerryDunleavy,Retweet
4064,RebelRae13,JerryDunleavy,Retweet
4066,1SupremeGoddess,Cernovich,Retweet
4068,Skye47211892,RepFranklin,Retweet
4070,Sputtter,anaious,Retweet
4072,anonymossources,Cernovich,Retweet
4074,Wireshark777,Cernovich,Retweet
4076,bjzmom1,Cernovich,Retweet
4078,kkjhaw,Jereme45,Retweet
4080,pcapos,HawleyMO,Retweet
4082,krazyowl,Cernovich,Retweet
4084,MAGAlifeFL,Cernovich,Retweet
4086,meces29,CoryMillsFL,Retweet
4088,rollypoly31,RepFranklin,Retweet
4090,phaedraroxana,Gritty20202,Retweet
4091,Gritty20202,Gritty20202,Tweet
4092,LovelyGigi33,Cernovich,Retweet
4094,ClaudiusGage,Cernovich,Retweet
4096,Jaime17828526,Jereme45,Retweet
4098,abhi_knight00,AstralFlick,Reply
4099,abhi_knight00,BroN_809,Reply
4100,abhi_knight00,ACplusD,Reply
4101,abhi_knight00,GoodPoliticGuy,Reply
4102,hadigiorgio,CawthornforNC,Retweet
4104,Arvizu14Alex,Jereme45,Retweet
4106,Amaz07242674,Cernovich,Retweet
4108,chidao666,mikepompeo,Retweet
4110,leoajitkumar,TheLeoTerrell,Retweet
4111,TheLeoTerrell,TheLeoTerrell,Tweet
4112,cheryl_pehrson,Cernovich,Retweet
4116,deeannjohnston1,RepFranklin,Retweet
4118,EmilyC_MAGA,Cernovich,Retweet
4120,Trumpfan81,Cernovich,Retweet
4122,k_csportsfan,Cernovich,Retweet
4124,SenLauraWoods,Jereme45,Retweet
4126,c_dm1377,Jereme45,Retweet
4128,PennyWafford,CoryMillsFL,Retweet
4130,WeldtoWrite,Cernovich,Retweet
4132,DonnaHe88280700,mikepompeo,Retweet
4134,Minneauxtx,Cernovich,Retweet
4136,adam09446554,Cernovich,Retweet
4138,PoliticOverKill,HawleyMO,Retweet
4140,cdillard59,Cernovich,Retweet
4142,bkrichardson3,Cernovich,Retweet
4144,1776tamara,Cernovich,Retweet
4146,MikeTierno1,HawleyMO,Retweet
4148,UsaVaPatriot,Cernovich,Retweet
4150,Susaninlaguna,Cernovich,Retweet
4152,odd_anomaly,Cernovich,Retweet
4154,BeardJudas,Cernovich,Retweet
4156,chanmaru90,RepFranklin,Retweet
4158,jonesca100,Jereme45,Retweet
4160,Patrici62886213,Cernovich,Retweet
4162,Jeffdhutch4,RepLeeZeldin,Retweet
4164,KarneyO17,Cernovich,Retweet
4166,johnbond7776,johnbond7776,Tweet
4167,GinnyMcCaffer,RepLeeZeldin,Retweet
4169,akteddybear1,Patrick72655674,Retweet
4170,Patrick72655674,Patrick72655674,Tweet
4171,jakeshieldsajj,Cernovich,Retweet
4173,lisalunu,RepFranklin,Retweet
4175,Willowinski,Cernovich,Retweet
4177,AlphonsoBedoya,Jereme45,Retweet
4179,PresElectTracy,Jereme45,Retweet
4181,psykkrome,phoenixesrise,Reply
4182,psykkrome,itsJeffTiedrich,Reply
4183,psykkrome,TuckerCarlson,Reply
4184,JeriTorrance,mikepompeo,Retweet
4186,WWB22,RepFranklin,Retweet
4188,ann223323,Cernovich,Retweet
4190,Sob916,repdarrellissa,Retweet
4191,repdarrellissa,repdarrellissa,Tweet
4192,carrieholmesB,Cernovich,Retweet
4194,MarierCynthia,RepLeeZeldin,Retweet
4196,JasonWhiteMusic,HawleyMO,Retweet
4198,Michael84299309,Jereme45,Retweet
4200,Kwhale333,Cernovich,Retweet
4202,JonBird67947709,RonnyJacksonTX,Retweet
4204,SmithnW3,Cernovich,Retweet
4206,suziejoh,RepFranklin,Retweet
4208,nocbc,RepFranklin,Retweet
4210,jwtaipale,mikepompeo,Retweet
4212,PiperR3800,Cernovich,Retweet
4215,wilsonbigsis,Cernovich,Retweet
4217,schuchardt_ron,RepLeeZeldin,Retweet
4219,veer_chauhan13,michaelgwaltz,Retweet
4220,michaelgwaltz,michaelgwaltz,Tweet
4221,J38681378,Cernovich,Retweet
4223,ClarkCardone,Cernovich,Retweet
4225,BookofAEGIS,Cernovich,Retweet
4227,sinali,DefenseBaron,Retweet
4228,DefenseBaron,DefenseBaron,Tweet
4229,MillsForFlorida,MillsForFlorida,Retweet
4231,tejie09,Ayaan,Retweet
4233,ballance_polly,Cernovich,Retweet
4235,GERALYNDOSSAN,Cernovich,Retweet
4237,Tao4mind123,Tao4mind123,Tweet
4238,Andy_1776USA,bennyjohnson,Retweet
4240,RLury,GordonGChang,Reply
4241,RLury,tperkins,Reply
4242,RLury,FRCdc,Reply
4243,Marble300,Cernovich,Retweet
4245,ThatDavidShow,RepFranklin,Retweet
4247,Golyk,Cernovich,Retweet
4249,lilith_payne,Jereme45,Retweet
4251,LT07739737,Jereme45,Retweet
4253,LilyZha14628400,mikepompeo,Retweet
4255,Lvreagan,Cernovich,Retweet
4257,yapphenghui,Cernovich,Retweet
4259,BingoMandino,Cernovich,Retweet
4261,k007jnk,Ayeleh,Retweet
4262,Ayeleh,Ayeleh,Tweet
4263,HyangmiO,CNNSitRoom,Retweet
4265,lemonblend1960,Jereme45,Retweet
4267,UnderMyPalm,UnderMyPalm,Tweet
4268,brendabolen,kimspence,Retweet
4269,kimspence,kimspence,Tweet
4270,unitedwesttand,NikkiHaley,Retweet
4272,proverbs14_15,Cernovich,Retweet
4275,sunnyand73insd1,Cernovich,Retweet
4277,jgolden8,NatalieJHarp,Retweet
4278,NatalieJHarp,NatalieJHarp,Tweet
4279,Brandyjb6,Jereme45,Retweet
4281,1CarlFredricks,Cernovich,Retweet
4283,HarishRev,ForeignPolicy,Retweet
4285,Tanner_Duryea23,Cernovich,Retweet
4287,mattyjets,1stevestephens,Reply
4288,mattyjets,realNick1st,Reply
4289,mattyjets,NBCNews,Reply
4290,LeaverJoan,CHHR01,Retweet
4292,pixiedust5135,Cernovich,Retweet
4294,LiuZhongjing,ForeignPolicy,Retweet
4296,sam2stu,Jereme45,Retweet
4298,annthenet,Cernovich,Retweet
4301,AngelStarFlwr34,Jereme45,Retweet
4303,TommyD07868371,HawleyMO,Retweet
4305,lindastein22,graywolf442,Retweet
4306,graywolf442,graywolf442,Tweet
4307,KatWroblewski,votevets,Retweet
4309,TiaKTx,CoryMillsFL,Retweet
4311,ShawnMidkiff5,bennyjohnson,Retweet
4313,DebbieOsborne2,mikepompeo,Retweet
4315,PatrickLizzy3,DCgayLeo,Reply
4316,PatrickLizzy3,ClistonBrown,Reply
4317,PatrickLizzy3,reesetheone1,Reply
4318,elizabe61988064,mikepompeo,Retweet
4320,Dasadoesit,Cernovich,Retweet
4322,PeterGFraz,Cernovich,Retweet
4324,GordonF58493492,Cernovich,Retweet
4326,bot_whisperer,Cernovich,Retweet
4328,KarenLamontagn5,aspiringinvntor,Reply
4329,valwayne,Patriot_1952,Retweet
4330,Patriot_1952,Patriot_1952,Tweet
4331,BarrettZlh,RepLeeZeldin,Retweet
4333,pfeiffer_mr,Cernovich,Retweet
4335,GRANNA80188211,Jereme45,Retweet
4337,crps21956,RepLeeZeldin,Retweet
4339,Cadieux1Cathey,mikepompeo,Retweet
4341,Cadieux1Cathey,CoryMillsFL,Retweet
4343,crazydaysaheads,RepLeeZeldin,Retweet
4345,hydroflame,Cernovich,Retweet
4347,tammifisher,tammifisher,Tweet
4348,radioworldsv,mikepompeo,Retweet
4350,SeeBaloney,Cernovich,Retweet
4352,HabberSmee,sealcat79,Reply
4353,HabberSmee,RyannMcEnany,Reply
4354,oregonfugative,HawleyMO,Retweet
4356,xepllc,NatalieJHarp,Retweet
4358,rspellmann,HawleyMO,Retweet
4360,Frustratedlady3,CoryMillsFL,Retweet
4362,DennisWinchell1,Cernovich,Retweet
4364,lowflyer82,HawleyMO,Retweet
4366,KarenLamontagn5,45rapeKatiejohn,Reply
4367,IvaMonkich,Cernovich,Retweet
4369,kkds36,mikepompeo,Retweet
4371,stockhunterOTC,theMRC,Retweet
4373,LindaKost53,LindaKost53,Tweet
4374,thevulcan100,Cernovich,Retweet
4376,jetzz21,Cernovich,Retweet
4378,MyNameisDawn2,Cernovich,Retweet
4380,ja_jenner,PolitiFact,Retweet
4382,savta53,RepLeeZeldin,Retweet
4384,capitaine_jan,TheLiz777,Retweet
4385,TheLiz777,TheLiz777,Tweet
4386,Allen51066922,Cernovich,Retweet
4388,JamesSager,PittsburghPG,Reply
4389,SpiralSpool20,Cernovich,Retweet
4391,buford1313,Cernovich,Retweet
4393,lbrownhd9,lbrownhd9,Tweet
4394,Brian84586585,Jereme45,Retweet
4396,mikelfabrizio,Jereme45,Retweet
4398,rebels2008,GBmountainOkie,Retweet
4399,GBmountainOkie,GBmountainOkie,Tweet
4400,Toledoteaparty,theMRC,Retweet
4402,tjssmith,Jereme45,Retweet
4404,LeoStrauss3rd,ForeignPolicy,Retweet
4406,WonderKaylee,Cernovich,Retweet
4408,udhrdh,Cernovich,Retweet
4410,Leo_Mini_Dachy,Cernovich,Retweet
4412,Wave68164044,Jereme45,Retweet
4414,CosnerKathy,RepLeeZeldin,Retweet
4416,Lillib07,Cernovich,Retweet
4418,JamesSager,newsmax,Reply
4419,lourdesalom,NatalieJHarp,Retweet
4421,TheRealDougGoin,Cernovich,Retweet
4423,CATZPRIDE,OnlinePatriots,Retweet
4424,OnlinePatriots,OnlinePatriots,Tweet
4425,Baz2077,Baz2077,Tweet
4426,jeaner08,Cernovich,Retweet
4428,lady_devildog1,Cernovich,Retweet
4430,pico87mn,Cernovich,Retweet
4432,Elmer76574560,STEPHMHAMILL,Retweet
4434,ssnaqi,mehdirhasan,Retweet
4435,mehdirhasan,mehdirhasan,Tweet
4436,NewellMartell,NewellMartell,Tweet
4437,BlueSquarePeru,Cernovich,Retweet
4439,LoFreehk,mikepompeo,Retweet
4558,Dbax1fan,Cernovich,Retweet
4560,sjcheatwood,sjcheatwood,Tweet
4561,kenmamimami,NikkiHaley,Retweet
4563,Jay03802294,ChickletOff,Reply
4564,buckeyesavage,Cernovich,Retweet
4566,phalanx2628,mikepompeo,Retweet
4568,firemanaline24,theMRC,Retweet
4570,AussieDazzie,Cernovich,Retweet
4572,BrettWa05579406,Jereme45,Retweet
4574,Higgy_59,Jereme45,Retweet
4576,cloudwanderer3,OHPredictive,Retweet
4577,OHPredictive,OHPredictive,Tweet
4578,UmbrellaTodd,Jereme45,Retweet
4580,rachaelmilla,Cernovich,Retweet
4582,allysdad,allysdad,Tweet
4583,Gert29929967,Cernovich,Retweet
4585,casatembella,Cernovich,Retweet
4587,Bsualum1990,RNCResearch,Retweet
4589,oceanblue240,bennyjohnson,Retweet
4591,Dakota1711,mikepompeo,Retweet
4593,stockguitar,Cernovich,Retweet
4595,Dakota1711,CoryMillsFL,Retweet
4597,TXJBJana,Jereme45,Retweet
4599,michaelgwaltz,ForeignPolicy,Retweet
4601,Curlycot,HawleyMO,Retweet
4603,Sob916,Cernovich,Retweet
4605,harry1_angel,Cernovich,Retweet
4607,America35032316,Jereme45,Retweet
4609,papa_gege,Jereme45,Retweet
4611,joshuaprichards,Cernovich,Retweet
4613,CitizenMargaret,HawleyMO,Retweet
4615,DanielLacinski,Bognet4congress,Retweet
4616,Bognet4congress,Bognet4congress,Tweet
4617,smariebridget,anaious,Retweet
4619,glighthouse69,HawleyMO,Retweet
4621,21stcenturycrim,Jereme45,Retweet
4623,Angela86342807,Jereme45,Retweet
4625,JAM33934684,Schock57867600,Retweet
4626,Schock57867600,Schock57867600,Tweet
4627,jlusrey,Jereme45,Retweet
4629,jcdaley,Cernovich,Retweet
4631,DAmandart101,BobRmhenry1,Retweet
4633,trishfusillo,Jereme45,Retweet
4635,Kaayn307Ken1,Kaayn307Ken1,Tweet
4636,WilliamQ45A,Jereme45,Retweet
4638,DonnaFischer14,Cernovich,Retweet
4640,MidwestMidwit,Cernovich,Retweet
4642,InYourDreams64,HawleyMO,Retweet
4644,RoxieRoLo,Cernovich,Retweet
4646,MamaFrann,Cernovich,Retweet
4648,jsabin1204,Cernovich,Retweet
4652,777bluefish777,RepLeeZeldin,Retweet
4654,NewsAt20,UltrascanMENA,Retweet
4655,UltrascanMENA,UltrascanMENA,Tweet
4656,kathy44425417,Cernovich,Retweet
4658,tejaschaos,jalen_drummond,Retweet
4660,LSager10,Cernovich,Retweet
4662,thebreaksong,NikkiHaley,Retweet
4665,patriot2808,Jereme45,Retweet
4667,SMUmairReble,HananyaNaftali,Retweet
4669,anjeleena_lee,Cernovich,Retweet
4671,Vernon2016,RepLeeZeldin,Retweet
4673,DevonGarbus,LouiseMensch,Reply
4674,DevonGarbus,AdamKinzinger,Reply
4675,DevonGarbus,NBCNews,Reply
4676,sassylassie2,RepLeeZeldin,Retweet
4678,RubyDo77888282,RepLeeZeldin,Retweet
4680,176sjp644,176sjp644,Tweet
4681,X2JMG,Cernovich,Retweet
4683,bigpoppajames4,Cernovich,Retweet
4685,thepetitejolie,Cernovich,Retweet
4687,LeighAn71480596,RepLeeZeldin,Retweet
4689,Kathyga40245561,HawleyMO,Retweet
4691,nadhjiia,Cernovich,Retweet
4693,B_Ross_M,Cernovich,Retweet
4695,Rebecca01281,RepLeeZeldin,Retweet
4697,LouisCy72344053,Cernovich,Retweet
4699,TweetHomeAlabma,Jereme45,Retweet
4701,jameelK60094344,euamiri,Retweet
4704,39JRMVolfan,Jereme45,Retweet
4706,AndrewPJBurns,Cernovich,Retweet
4708,DuckMaverick,Cernovich,Retweet
4710,dl_shanks,RepLeeZeldin,Retweet
4712,love_peace333,Cernovich,Retweet
4714,SRolantsson,Cernovich,Retweet
4716,LibertarianSeth,Cernovich,Retweet
4718,bjdcmom,RepLeeZeldin,Retweet
4720,Teresaph8,RepLeeZeldin,Retweet
4722,Tommando33,Cernovich,Retweet
4724,PM20210,newsmax,Retweet
4726,suzannehof,Cernovich,Retweet
4728,JulietJara7,RepLeeZeldin,Retweet
4730,jewl62,Jereme45,Retweet
4732,signsvisual,Cernovich,Retweet
4734,kenneth56580506,Jereme45,Retweet
4736,RoxieRoLo,HawleyMO,Retweet
4738,RJWolf6,RepLeeZeldin,Retweet
4740,MicheleWilson5,RepLeeZeldin,Retweet
4742,KLBCanfield,Cernovich,Retweet
4746,gabefaw,Cernovich,Retweet
4749,mlaurent20,Cernovich,Retweet
4751,DanaBougon,DanaBougon,Tweet
4752,evae1960,BreitbartNews,Retweet
4753,BreitbartNews,BreitbartNews,Tweet
4754,bruxie_,anaious,Retweet
4756,Jack_Dublin,Cernovich,Retweet
4758,Anaelena65Maria,Cernovich,Retweet
4760,Wisconajb,Cernovich,Retweet
4762,claflin34,RepLeeZeldin,Retweet
4764,artist_susie,RepLeeZeldin,Retweet
4766,NetHorn,RepLeeZeldin,Retweet
4768,genipoole,Cernovich,Retweet
4770,kdbramer,jalen_drummond,Retweet
4772,M00nShad0w,Cernovich,Retweet
4774,Brendag38323989,RepLeeZeldin,Retweet
4776,LivingT19135800,RepJasonCrow,Mention
4777,mAga88781115,RepLeeZeldin,Retweet
4779,GBarber826,RepLeeZeldin,Retweet
4781,friendpopkiki1,RepLeeZeldin,Retweet
4783,GonzoFarx,Cernovich,Retweet
4785,tabletennis891,Cernovich,Retweet
4787,Rondo31939730,Cernovich,Retweet
4789,jordanhailey,Cernovich,Retweet
4791,anieborden1,RepLeeZeldin,Retweet
4793,DebbraT,RepLeeZeldin,Retweet
4795,pattian44610430,Cernovich,Retweet
4797,cutler_bryant,ForeignPolicy,Retweet
4799,SillyMetsFan,Cernovich,Retweet
4801,coachjerry1733,RepLeeZeldin,Retweet
4803,alfrich_k,alfrich_k,Tweet
4804,JennTPDang,RepDLesko,Retweet
4806,BeeMorS17,Cernovich,Retweet
4808,MathPhysics3,Cernovich,Retweet
4810,iambrig,trcypollard,Retweet
4811,trcypollard,trcypollard,Tweet
4812,jllgraham,Cernovich,Retweet
4814,JayneJW,Cernovich,Retweet
4816,TroubledDays,dcexaminer,Retweet
4818,HercegovacUSA,DreamKrusherJay,Reply
4819,HercegovacUSA,CamMariotti,Reply
4820,HercegovacUSA,FoxNews,Reply
4822,foxnrox1,Cernovich,Retweet
4824,RuyAMartini,dsaRandR,Retweet
4825,dsaRandR,dsaRandR,Tweet
4826,times_army,sdcwatson_03,Retweet
4827,sdcwatson_03,sdcwatson_03,Tweet
4828,DeanCav,Cernovich,Retweet
4830,ThatOth56448703,Cernovich,Retweet
4832,CherriDs,CawthornforNC,Retweet
4834,NCStateWolfWolf,SpeakerPelosi,Mention
4835,AngieBakus,Cernovich,Retweet
4837,BustFreebooter,Cernovich,Retweet
4839,PsychoticGhost1,Cernovich,Retweet
4841,mah_bean,Cernovich,Retweet
4843,DLOmom1,Cernovich,Retweet
4845,HyangmiO,HomelandGOP,Retweet
4846,HomelandGOP,HomelandGOP,Tweet
4847,BobRmhenry1,BobRmhenry1,Retweet
4849,1776_Magic,Cernovich,Retweet
4851,Primeirish,mikepompeo,Retweet
4853,FantauzziRuben,Cernovich,Retweet
4855,patriotic_cav,Cernovich,Retweet
4857,a_bezmenov,Cernovich,Retweet
4859,debweg23,Cernovich,Retweet
4861,Dxcisionzz,JohnRoby22,Reply
4862,Dxcisionzz,POTUS,Reply
4863,Wsswendy,Cernovich,Retweet
4865,truBatZion,Cernovich,Retweet
4867,beckypike34,Cernovich,Retweet
4869,denislcarvalho,Cernovich,Retweet
4873,AngelForTrump1,Cernovich,Retweet
4875,degoranch2,Cernovich,Retweet
4877,MadeInTheUSANJ,mtgreenee,Reply
4878,Ruthie97003325,Cernovich,Retweet
4880,zetta1955rose,Cernovich,Retweet
4882,OdoyleCharlotte,selectedwisdom,Retweet
4883,selectedwisdom,selectedwisdom,Tweet
4886,Demand_Voter_Id,Cernovich,Retweet
4888,TinaLei42705710,Cernovich,Retweet
4890,ripkord9665,HawleyMO,Retweet
4892,CrappyJane,Cernovich,Retweet
4894,DirtyNastyLeg10,Cernovich,Retweet
4896,Scepter1Ras,Cernovich,Retweet
4898,TroyBenson,Cernovich,Retweet
4900,BuckeyeChico,Cernovich,Retweet
4902,Ruby3870,Cernovich,Retweet
4905,SteveSieger,bennyjohnson,Retweet
4907,MDTourist,Cernovich,Retweet
4909,Christi77929362,Cernovich,Retweet
4911,gigi419,Cernovich,Retweet
4913,pjmugs,jalen_drummond,Retweet
4915,sickofabsurdity,Cernovich,Retweet
4917,NodwellSheila,Cernovich,Retweet
4919,Lisa_anne66,Cernovich,Retweet
4921,JackWeb53085992,rrjr724,Reply
4922,JackWeb53085992,GolferGuy62,Reply
4923,JackWeb53085992,J_Innocente,Reply
4924,JackWeb53085992,cfellames1,Reply
4925,JackWeb53085992,joncoopertweets,Reply
4926,Mary91974857,HawleyMO,Retweet
4928,obai0071,Cernovich,Retweet
4930,coachb31ww,PolitiFact,Retweet
4932,SandraZzzz1,Cernovich,Retweet
4934,NoSurrender200,Cernovich,Retweet
4936,TaranehRaki,mikepompeo,Retweet
4938,DefundTheGOP101,HawleyMO,Retweet
4940,QuantumPeace,Cernovich,Retweet
4942,RuthWil11640944,Cernovich,Retweet
4944,Jellies19,Cernovich,Retweet
4946,killingbeillin,killingbeillin,Tweet
4947,AlleyoffSixth,Cernovich,Retweet
4949,MikaylaPilar,Cernovich,Retweet
4951,LuzanoB,LuzanoB,Tweet
4952,Celesteverdade,Cernovich,Retweet
4954,straight2crypto,Cernovich,Retweet
4956,grantyperks333,jalen_drummond,Retweet
4958,Charlot1949,HawleyMO,Retweet
4960,Salosso,Cernovich,Retweet
4962,deniseg98581384,Cernovich,Retweet
4966,TLGLG,Cernovich,Retweet
4968,_BullishApe,Cernovich,Retweet
4970,alvarez_nimer,mikepompeo,Retweet
4972,Insaneisntit,Cernovich,Retweet
4974,SFreemanVA,Cernovich,Retweet
4976,DravenS17,Cernovich,Retweet
4978,BeckyBBCR,Cernovich,Retweet
4980,paula_sharp,selectedwisdom,Retweet
4982,TimTimhalter1,Cernovich,Retweet
4984,LisaMeeker1,jalen_drummond,Retweet
4986,authentic_mikep,Cernovich,Retweet
4988,Broke4Go,Cernovich,Retweet
4990,MTymchuck,Cernovich,Retweet
4992,PDawn30056007,Cernovich,Retweet
4994,xoxoiamnotwrong,Cernovich,Retweet
4996,RobertMissen1,Cernovich,Retweet
4998,GIJoeS916,Cernovich,Retweet
5000,JoseBer68072189,mikepompeo,Retweet
5002,JayPeeBeenDat,LiquiFyy,Retweet
5003,LiquiFyy,LiquiFyy,Tweet
5004,VoiceOfStentor,jalen_drummond,Retweet
5007,Bluesky31051549,mikepompeo,Retweet
5009,AnnaKMaassel,Cernovich,Retweet
5012,WeDidItOnce,Cernovich,Retweet
5014,imrankhanptifs,imrankhanptifs,Tweet
5015,Rebbacaprice,bennyjohnson,Retweet
5017,anjcc6,Cernovich,Retweet
5019,mug_modnar,bennyjohnson,Retweet
5021,Allthesamepeop1,Abulinixish,Reply
5022,Allthesamepeop1,rgodwin11,Reply
5023,Allthesamepeop1,MorlockMorlock,Reply
5024,Allthesamepeop1,GOPoversight,Reply
5025,Allthesamepeop1,POTUS,Reply
5026,blemons38_j,5kids89,Retweet
5028,naive260817,NikkiHaley,Retweet
5032,SoniCubed,STEPHMHAMILL,Retweet
5034,LiquiFyy,DaYz7eD,Reply
5035,BigGeo861,Cernovich,Retweet
5037,cantweallgetong,HDollyness,Reply
5038,cantweallgetong,sjwflying,Reply
5039,cantweallgetong,BostonMMAGuy,Reply
5040,cantweallgetong,JackPosobiec,Reply
5042,DawgOfLaw,BobRmhenry1,Retweet
5044,HappyInTheUSA1,Cernovich,Retweet
5046,dcg1114,billscher,Reply
5047,AimeeAlbrecht9,esther4congress,Retweet
5048,esther4congress,esther4congress,Tweet
5049,LzARY45aAHtyRTr,mikepompeo,Retweet
5051,mschurger,glennbeck,Retweet
5053,Jesusuramazing,WayneDupreeShow,Retweet
5055,4evrBrownNProud,TheFirstonTV,Retweet
5057,WhiteZmrw5,Cernovich,Retweet
5059,1325Adams,CNNSitRoom,Retweet
5061,BenedictMPWhite,Cernovich,Retweet
5063,B_J_Davis,Cernovich,Retweet
5065,alebetm,mikepompeo,Retweet
5067,madelinem712,SteveHiltonx,Retweet
5069,Guardian_Elite,WayneDupreeShow,Retweet
5071,c8kin4,JacksonLahmeyer,Retweet
5072,JacksonLahmeyer,JacksonLahmeyer,Tweet
5073,rickmoore1968,lawyer4laws,Retweet
5074,lawyer4laws,lawyer4laws,Tweet
5075,Ktmiller79,Cernovich,Retweet
5077,acaldwellwsj,benpershing,Retweet
5079,AngieDenise18,CawthornforNC,Retweet
5081,MarcBrody12,ArcieriJohn,Reply
5082,Daddio_7,Cernovich,Retweet
5084,scott_lauher,Cernovich,Retweet
5086,LahomaChoke,Cernovich,Retweet
5088,LinnieL7,richsignorelli,Reply
5089,LinnieL7,CNN,Reply
5090,BarbaraFrea,WayneDupreeShow,Retweet
5092,Lisa43018757,Cernovich,Retweet
5094,GroupGault,Cernovich,Retweet
5096,EllisLynn18,WayneDupreeShow,Retweet
5098,NaviIpob,HananyaNaftali,Retweet
5100,twanya,indy_americans,Retweet
5101,indy_americans,indy_americans,Tweet
5102,johnnyrwhitsett,HawleyMO,Retweet
5104,Bridge2Freedom,WayneDupreeShow,Retweet
5106,liquorose15,mikepompeo,Retweet
5108,TrkrSuper,Cernovich,Retweet
5110,stuffinghead,mongotooz,Reply
5111,stuffinghead,seanhannity,Reply
5112,AfghanistanNad,TheFirstonTV,Retweet
5114,ajax9917,Cernovich,Retweet
5116,AliceBoyer13,Cernovich,Retweet
5118,ChiefsofMayhem,WayneDupreeShow,Retweet
5120,honey_and_figs,HawleyMO,Retweet
5122,stretch1,stretch1,Tweet
5123,NJCJR1979,hale_razor,Retweet
5125,MLAS,hale_razor,Retweet
5127,brownsugar7878,reesetheone1,Retweet
5128,reesetheone1,reesetheone1,Tweet
5129,lilchiva,hogtownserb,Reply
5130,lilchiva,VarangianSkull,Reply
5131,lilchiva,JimmyLevendia,Reply
5132,lilchiva,TankiesFTW,Reply
5133,lilchiva,PalimpsestMan,Reply
5134,lilchiva,_sean_n,Reply
5135,lilchiva,DerAchsenZeit,Reply
5136,lilchiva,saltaf01,Reply
5137,lilchiva,Le_Gaul,Reply
5138,Free_Con101,bennyjohnson,Retweet
5140,c8kin4,CoryMillsFL,Retweet
5142,resurgent,TheFirstonTV,Retweet
5144,LEEWEBB83455951,glennbeck,Retweet
5146,workingmomjd,zelda1427,Reply
5147,workingmomjd,lesapril66,Reply
5148,workingmomjd,gprinciple35,Reply
5149,workingmomjd,seanhannity,Reply
5150,torney_patricia,ghost_wales,Retweet
5152,pollard_tal,RepBrianMast,Retweet
5153,RepBrianMast,RepBrianMast,Tweet
5154,SaveAslave,Cernovich,Retweet
5156,lucky88duck,Cernovich,Retweet
5158,MichaelBarger1,Cernovich,Retweet
5160,Ivalla1128,HawleyMO,Retweet
5162,smartlyjoan,DailyRippleMag,Reply
5163,smartlyjoan,mmoverlook,Reply
5164,smartlyjoan,Jim_Jordan,Reply
5165,Dawne26307916,Cernovich,Retweet
5167,LeeLee54689633,HawleyMO,Retweet
5169,TheFirstonTV,generalkellogg,Mention
5170,WaltonLynn,Tbig48,Retweet
5171,Tbig48,Tbig48,Tweet
5172,itsallu49,RepMattGaetz,Retweet
5173,RepMattGaetz,RepMattGaetz,Tweet
5174,KarenSw38548457,WayneDupreeShow,Retweet
5176,Laurie710Lc,NextRevFNC,Retweet
5178,WayneDupreeShow,TPInsidr,Mention
5179,FDD,FDD,Tweet
5180,sandrabo2015,HawleyMO,Retweet
5182,AlmoRedpill,mikepompeo,Retweet
5184,cdaleinbasement,eyehvspoken,Reply
5185,cdaleinbasement,johncardillo,Reply
5186,shoaryan,RepVernonJones,Reply
5187,shoaryan,POTUS,Mention
5188,jlmason4,votevets,Retweet
5190,CliffShew,DineshDSouza,Retweet
5192,BritishHKGov,mikepompeo,Retweet
5194,RhondaM77106389,Cernovich,Retweet
5196,PhoeniX_TTG,HawleyMO,Retweet
5198,BasedNatCon,Cernovich,Retweet
5200,JSZ412,Cernovich,Retweet
5202,gaj724,votevets,Retweet
5204,MsCaliFox,votevets,Retweet
5206,EricksenCrystal,mikepompeo,Retweet
5208,Cap10RedEyes,Cap10RedEyes,Tweet
5209,EDMATIK,CawthornforNC,Retweet
5211,JustinH97072824,CawthornforNC,Retweet
5213,crystalbei1,newsmax,Retweet
5215,JoeHoz1,seancaseyshow,Retweet
5217,JohnSmi37440343,Cernovich,Retweet
5219,Alexxa1721,joshua_landis,Retweet
5221,RQPoliticalBlog,Cernovich,Retweet
5223,darmamar,Cernovich,Retweet
5225,WengerGina,StandForAmerica,Retweet
5227,DeniseB28480321,CoryMillsFL,Retweet
5231,Nobull64yt,Nobull64yt,Tweet
5232,Brad_Doll,mikepompeo,Retweet
5234,HollyBee503,BretBaier,Reply
5235,SmallFederalGov,Cernovich,Retweet
5237,IvanVarela147,loujacobson,Retweet
5238,loujacobson,loujacobson,Tweet
5239,TheSkyDad,Cernovich,Retweet
5241,ctrunnals,ctrunnals,Tweet
5242,WelshGoodLife,MortonMania1,Reply
5243,WelshGoodLife,EileenLugo1,Reply
5244,WelshGoodLife,OneMarineSempFi,Reply
5245,WelshGoodLife,tuxlemons,Reply
5246,WelshGoodLife,MAGARebirth,Reply
5247,LadyPat18,DesertRiver,Retweet
5248,DesertRiver,DesertRiver,Tweet
5249,IntoPoliticsUSA,IntoPoliticsUSA,Tweet
5250,richgjaci,OANN,Reply
5251,richgjaci,CSinclairtv,Reply
5252,glenda2shoes,RepBrianMast,Retweet
5254,sassaparker,jjthepatriot,Retweet
5255,jjthepatriot,jjthepatriot,Tweet
5256,BeulahS94630108,ghost_wales,Retweet
5258,9911Rusty,Cernovich,Retweet
5260,lori_clydesdale,bennyjohnson,Retweet
5262,WakeUpAmericaDR,WakeUpAmericaDR,Tweet
5263,BWpXvj97mxE3ZzT,mikepompeo,Retweet
5265,GillinSC,DesertRiver,Retweet
5267,HumphreyPlough,Cernovich,Retweet
5269,joongkwang,jjthepatriot,Retweet
5271,__aafq,__aafq,Tweet
5272,cesarlaughs,RealBloepp,Retweet
5273,RealBloepp,RealBloepp,Tweet
5274,morgfair,selectedwisdom,Retweet
5276,Lhazelton54,bennyjohnson,Retweet
5278,OBarromon,ChazFupa,Reply
5279,OBarromon,SissorsTwoPoint,Reply
5280,OBarromon,meowmeowmia,Reply
5281,OBarromon,emma_gear,Reply
5282,OBarromon,POTUS,Reply
5283,OBarromon,JoeBiden,Reply
5284,OBarromon,TheDemocrats,Reply
5285,Mike9wood2,StandForAmerica,Retweet
5287,Janilinderpoo,StandForAmerica,Retweet
5289,tang188199,mikepompeo,Retweet
5291,seconperson,MillsForFlorida,Retweet
5293,C2Ewny,DineshDSouza,Retweet
5295,ednill51,Davonill,Reply
5296,ednill51,ABCWorldNews,Reply
5297,SNACH2497,Cernovich,Retweet
5299,Belofbeach,CoryMillsFL,Retweet
5301,ShawnMidkiff5,Cernovich,Retweet
5303,HsiangLu1,mikepompeo,Retweet
5305,MaryZwack,MaryZwack,Tweet
5306,JamesCallExpert,opinonhaver,Retweet
5308,CharlesOsawa,CharlesOsawa,Tweet
5309,gibbonsmichael3,Cernovich,Retweet
5312,BeebeJayme,Jim_Jordan,Reply
5313,McMomily,mikepompeo,Retweet
5315,MoonGazer7413,CawthornforNC,Retweet
5317,Reuven613,Cernovich,Retweet
5319,PatrickLizzy3,PatrickLizzy3,Tweet
5320,rjnl87,StandForAmerica,Retweet
5322,Krystal16K,Cernovich,Retweet
5324,andreakayeshow,Cernovich,Retweet
5326,krisbm2,SnipzPA,Reply
5327,DeplorableMike4,Cernovich,Retweet
5329,Sullivan11S,CoryMillsFL,Retweet
5331,Trumplar,newsmax,Retweet
5333,FreeSpeechIsDe4,bennyjohnson,Retweet
5335,DPrezbindowski,mikepompeo,Retweet
5337,hunnybun100,selectedwisdom,Retweet
5339,Viv4292,Cernovich,Retweet
5341,BernieMiller8,da_wessel,Reply
5342,BernieMiller8,harrisonjaime,Reply
5343,AnthonyArmaniS2,KhepryRe,Reply
5344,AnthonyArmaniS2,PanheadMama,Reply
5345,AnthonyArmaniS2,SilentAmuse,Reply
5346,pattyandbeagle,Cernovich,Retweet
5348,Sportsfan_InGA,mikepompeo,Retweet
5350,FredBur52496996,Mattallica17,Retweet
5352,LeSon40163354,mikepompeo,Retweet
5354,a_newsman,georgi_boorman,Reply
5355,Andy_3318,Cernovich,Retweet
5357,self_mary,Cernovich,Retweet
5359,UnfreezYourMind,AHMalcolm,Retweet
5360,AHMalcolm,AHMalcolm,Tweet
5361,Stevesmithereen,DineshDSouza,Retweet
5363,JernbergPam,CoryMillsFL,Retweet
5365,ribbered,WaitingOnBiden,Retweet
5366,WaitingOnBiden,WaitingOnBiden,Tweet
5367,rbnkaye99,Cernovich,Retweet
5369,uncleSlaton,bennyjohnson,Retweet
5371,DevinAkin,CoryMillsFL,Retweet
5373,manay44482466,Cernovich,Retweet
5375,PThomas51877489,Cernovich,Retweet
